ID;project_id
42;143
36;143
61;143
54;143
96;143
117;143
275;143
680;143
1010;143
1013;143
1073;143
1333;143
1416;143
2047;143
2102;143
2190;143
2447;143
2519;143
2693;143
2784;143
2929;143
3024;143
3071;143
3154;143
3180;143
3219;143
3226;143
3330;143
3540;143
3739;143
3698;143
3796;143
3838;143
3849;143
4094;143
4149;143
4268;143
4283;143
4302;143
4401;143
4477;143
4698;143
4734;143
4739;143
4990;143
4988;143
4989;143
4992;143
5079;143
5218;143
193;14
264;14
267;14
431;14
440;14
460;14
530;14
581;14
588;14
590;14
789;14
850;14
898;14
1236;14
1503;14
2467;14
2688;14
2697;14
2706;14
2909;14
2910;14
3402;14
3406;14
4203;14
4318;14
4421;14
4429;14
4480;14
4597;14
4773;14
265;8
281;8
288;8
293;8
331;8
376;8
521;8
656;8
787;8
799;8
1222;8
1374;8
1464;8
1528;8
1544;8
1785;8
1790;8
1846;8
1958;8
2014;8
2165;8
2293;8
2369;8
2448;8
2527;8
2608;8
2725;8
2746;8
2821;8
2912;8
2988;8
1011;8
3165;8
3423;8
3431;8
3658;8
3719;8
3819;8
3941;8
4063;8
4343;8
4679;8
4730;8
4738;8
4802;8
5054;8
5071;8
5143;8
5188;8
170;16
212;16
237;16
244;16
267;16
282;16
290;16
401;16
431;16
440;16
448;16
480;16
513;16
590;16
620;16
675;16
752;16
891;16
986;16
1036;16
1055;16
1407;16
1411;16
1595;16
1648;16
1714;16
1723;16
1730;16
1844;16
1851;16
2032;16
2072;16
2110;16
2123;16
2147;16
2177;16
2440;16
2546;16
2549;16
2556;16
2645;16
2650;16
2740;16
2753;16
2793;16
3086;16
3127;16
3259;16
3294;16
3363;16
3472;16
3497;16
3556;16
3564;16
3786;16
3952;16
3954;16
3982;16
4079;16
4082;16
4164;16
4308;16
4405;16
4621;16
4794;16
4870;16
4872;16
5024;16
5048;16
5170;16
5181;16
16;136
19;136
36;136
35;136
41;136
50;136
63;136
64;136
68;136
74;136
77;136
81;136
83;136
93;136
97;136
120;136
129;136
134;136
151;136
161;136
166;136
168;136
169;136
181;136
205;136
213;136
215;136
219;136
221;136
222;136
223;136
226;136
228;136
234;136
241;136
274;136
297;136
321;136
330;136
341;136
340;136
366;136
401;136
453;136
525;136
569;136
631;136
660;136
665;136
680;136
712;136
715;136
721;136
725;136
731;136
737;136
747;136
758;136
761;136
764;136
769;136
771;136
776;136
782;136
790;136
792;136
855;136
858;136
859;136
812;136
836;136
798;136
804;136
867;136
872;136
873;136
877;136
884;136
886;136
907;136
912;136
917;136
936;136
937;136
945;136
988;136
990;136
1015;136
1020;136
1056;136
1068;136
1076;136
1080;136
1085;136
1090;136
1100;136
1105;136
1114;136
1124;136
1126;136
1141;136
1144;136
1146;136
1155;136
1158;136
1160;136
1163;136
1176;136
1166;136
1170;136
1177;136
1205;136
1251;136
1265;136
1287;136
1288;136
1298;136
1301;136
1335;136
1327;136
1372;136
1383;136
1382;136
1394;136
1408;136
1421;136
1393;136
1440;136
1438;136
1459;136
1462;136
1494;136
1495;136
1519;136
1537;136
1543;136
1562;136
1575;136
1578;136
1597;136
1602;136
1630;136
1668;136
1687;136
1691;136
1694;136
1701;136
1732;136
1735;136
1739;136
1752;136
1778;136
1792;136
1800;136
1805;136
1833;136
1848;136
1849;136
1868;136
1870;136
1879;136
1881;136
1939;136
1946;136
1978;136
1949;136
1981;136
2011;136
2064;136
2097;136
2102;136
2131;136
2167;136
2077;136
2120;136
2176;136
2188;136
2194;136
2200;136
2224;136
2225;136
2244;136
2254;136
2279;136
2294;136
2308;136
2230;136
2247;136
1030;136
2325;136
2339;136
2342;136
2344;136
2347;136
2348;136
2350;136
2349;136
2353;136
2366;136
2372;136
2379;136
2383;136
2402;136
2411;136
2417;136
2457;136
2458;136
2504;136
2516;136
2532;136
2531;136
2536;136
2530;136
2544;136
2553;136
2557;136
2572;136
2571;136
2582;136
2588;136
2608;136
2647;136
2655;136
2657;136
2659;136
2658;136
2663;136
2687;136
2689;136
2696;136
2698;136
2703;136
2724;136
2733;136
2749;136
2763;136
2775;136
2782;136
2785;136
2802;136
2810;136
2825;136
2833;136
2839;136
2852;136
2855;136
2865;136
2870;136
2877;136
2911;136
2932;136
2936;136
2940;136
2942;136
2903;136
2907;136
2922;136
2946;136
2929;136
2931;136
2960;136
2979;136
3017;136
3032;136
3068;136
3044;136
3059;136
3110;136
3120;136
3124;136
3132;136
3151;136
3166;136
3174;136
3177;136
3180;136
3188;136
3201;136
3211;136
3213;136
3202;136
3234;136
3252;136
3251;136
3266;136
3275;136
3307;136
3306;136
3312;136
3315;136
3316;136
3338;136
3356;136
3364;136
3332;136
3370;136
3403;136
3432;136
3438;136
3439;136
3469;136
3491;136
3529;136
3480;136
3533;136
3534;136
3544;136
3545;136
3547;136
3548;136
3553;136
3554;136
3558;136
3560;136
3563;136
3565;136
3566;136
3581;136
3585;136
3586;136
3616;136
3607;136
3608;136
3610;136
3624;136
3627;136
3633;136
3644;136
3659;136
3662;136
3665;136
3674;136
3679;136
3692;136
3698;136
3705;136
3718;136
3720;136
3722;136
3724;136
3725;136
3730;136
3741;136
3742;136
3747;136
3755;136
3761;136
3739;136
3745;136
3750;136
3774;136
3775;136
3776;136
3777;136
3805;136
3818;136
3835;136
3841;136
3871;136
3873;136
3878;136
3881;136
3909;136
3915;136
3920;136
3927;136
3928;136
3933;136
3934;136
3862;136
3866;136
3867;136
3894;136
3937;136
3948;136
3969;136
4016;136
3924;136
3931;136
3953;136
3955;136
3966;136
3987;136
3996;136
4019;136
4065;136
4084;136
4093;136
4094;136
4095;136
4101;136
4109;136
4113;136
4114;136
4119;136
4130;136
4144;136
4161;136
4172;136
4191;136
4221;136
4223;136
4263;136
4224;136
4169;136
4268;136
4273;136
4289;136
4295;136
4298;136
4299;136
4305;136
4309;136
4321;136
4340;136
4351;136
4380;136
4392;136
4402;136
4403;136
4418;136
4421;136
4425;136
4433;136
4434;136
4436;136
4438;136
4437;136
4455;136
4456;136
4457;136
4458;136
4462;136
4467;136
4472;136
4481;136
4486;136
4525;136
4535;136
4541;136
4517;136
4610;136
4626;136
4641;136
4650;136
4652;136
4681;136
4688;136
4692;136
4704;136
4725;136
4729;136
4732;136
4737;136
4743;136
4747;136
4756;136
4779;136
4782;136
4795;136
4796;136
4807;136
4825;136
4857;136
4860;136
4861;136
4862;136
4873;136
4881;136
4954;136
5052;136
4971;136
4992;136
5005;136
5079;136
5083;136
5087;136
5105;136
5106;136
5131;136
5156;136
5162;136
5166;136
5175;136
5180;136
5188;136
5189;136
5204;136
5209;136
5211;136
5207;136
5208;136
144;15
158;15
244;15
255;15
266;15
518;15
536;15
1143;15
1229;15
1276;15
1517;15
1747;15
1856;15
2060;15
3094;15
3339;15
3460;15
195;47
402;47
430;47
433;47
574;47
573;47
739;47
800;47
875;47
971;47
1092;47
1142;47
1179;47
1228;47
1468;47
1777;47
1817;47
1899;47
1954;47
2138;47
2154;47
2173;47
2312;47
2301;47
2483;47
2491;47
2569;47
2823;47
2891;47
2899;47
2939;47
2990;47
3209;47
3405;47
3527;47
3596;47
4066;47
4047;47
4119;47
4217;47
4387;47
4568;47
4589;47
4696;47
4784;47
4816;47
5054;47
1168;46
2321;46
3039;46
4965;46
1188;50
2836;50
143;49
162;49
206;49
363;49
552;49
629;49
564;49
713;49
778;49
869;49
900;49
935;49
1142;49
1168;49
1188;49
1370;49
1468;49
1476;49
1647;49
1759;49
1817;49
2019;49
2087;49
2166;49
2212;49
2284;49
2312;49
2602;49
3040;49
3050;49
3192;49
3195;49
3272;49
3527;49
3634;49
3661;49
3680;49
3740;49
3798;49
3801;49
3832;49
3903;49
4208;49
4337;49
4375;49
4754;49
4845;49
4909;49
4965;49
5053;49
5215;49
144;21
146;21
193;21
267;21
324;21
329;21
334;21
448;21
530;21
586;21
738;21
850;21
981;21
1094;21
1411;21
1517;21
1595;21
1648;21
1768;21
1856;21
1973;21
2060;21
2065;21
2147;21
2275;21
2546;21
2556;21
2597;21
2688;21
3108;21
3127;21
3299;21
3442;21
3460;21
3472;21
3952;21
4025;21
4078;21
4082;21
4085;21
4294;21
4441;21
4524;21
4621;21
4773;21
4811;21
4870;21
4915;21
5051;21
5229;21
130;48
163;48
585;48
593;48
625;48
699;48
1007;48
1023;48
1153;48
1539;48
1763;48
1967;48
2202;48
2285;48
2302;48
2296;48
2708;48
2888;48
3014;48
3116;48
3040;48
3419;48
3505;48
3598;48
3606;48
3864;48
4170;48
4784;48
4947;48
5133;48
5212;48
5207;48
220;28
406;28
455;28
472;28
479;28
498;28
748;28
864;28
1213;28
1223;28
2705;28
2800;28
3254;28
3454;28
3461;28
4547;28
91;11
104;11
108;11
130;11
150;11
164;11
199;11
281;11
290;11
397;11
411;11
507;11
527;11
538;11
544;11
616;11
750;11
787;11
877;11
878;11
900;11
1001;11
1010;11
1005;11
1061;11
1338;11
1674;11
1696;11
1701;11
1773;11
1783;11
1798;11
1860;11
2103;11
2195;11
2267;11
2325;11
2430;11
2442;11
2492;11
2549;11
2664;11
2712;11
2773;11
2799;11
2982;11
3072;11
3092;11
3074;11
3127;11
3151;11
3159;11
3276;11
3334;11
3650;11
3673;11
3678;11
3792;11
3942;11
4033;11
4162;11
4177;11
4358;11
4435;11
4476;11
4484;11
4863;11
4942;11
4968;11
5013;11
5045;11
5078;11
5229;11
5221;11
220;25
260;25
299;25
352;25
398;25
406;25
427;25
455;25
470;25
472;25
498;25
505;25
559;25
566;25
691;25
770;25
772;25
783;25
786;25
788;25
864;25
965;25
971;25
980;25
1078;25
1104;25
1112;25
1127;25
1130;25
1161;25
1223;25
1242;25
1278;25
1299;25
1332;25
1358;25
1380;25
1515;25
1570;25
1589;25
1590;25
1610;25
1629;25
1728;25
1894;25
1907;25
1983;25
2001;25
2058;25
2201;25
2222;25
2229;25
2527;25
2543;25
2599;25
2600;25
2601;25
2746;25
2760;25
2762;25
2840;25
2848;25
2868;25
2916;25
2914;25
2923;25
2966;25
3008;25
3141;25
3169;25
3197;25
3410;25
3428;25
3461;25
3569;25
3718;25
3716;25
3813;25
3911;25
4164;25
4228;25
4265;25
4324;25
4332;25
4512;25
4578;25
4587;25
4627;25
4657;25
4699;25
4724;25
4755;25
4819;25
4853;25
5026;25
2878;178
4799;178
12;35
457;35
571;35
946;35
952;35
1032;35
1738;35
1918;35
1992;35
2326;35
2485;35
2680;35
2815;35
3153;35
3661;35
4226;35
4337;35
4899;35
5096;35
182;40
197;40
286;40
313;40
316;40
356;40
361;40
560;40
571;40
589;40
568;40
641;40
669;40
676;40
730;40
926;40
934;40
948;40
999;40
1099;40
1241;40
1309;40
1334;40
1364;40
1424;40
1620;40
1661;40
1669;40
1676;40
1677;40
1738;40
1812;40
1823;40
1841;40
1849;40
1860;40
1904;40
1909;40
1979;40
1984;40
1988;40
2083;40
2118;40
2149;40
2192;40
2278;40
2338;40
2345;40
2464;40
2484;40
2540;40
2623;40
2699;40
2744;40
3070;40
3043;40
3028;40
3097;40
3450;40
3572;40
3619;40
3699;40
3719;40
3865;40
4111;40
4255;40
4225;40
4352;40
4465;40
4504;40
4752;40
4772;40
4826;40
5094;40
5117;40
5170;40
289;43
308;43
430;43
433;43
609;43
699;43
723;43
865;43
869;43
905;43
1124;43
1179;43
1252;43
1369;43
1476;43
1647;43
1817;43
1967;43
1954;43
2173;43
2195;43
2284;43
2285;43
2301;43
2418;43
2602;43
2708;43
3007;43
3013;43
3032;43
3025;43
3116;43
3192;43
3419;43
3492;43
3505;43
3517;43
3617;43
3596;43
3598;43
3798;43
3832;43
3903;43
4035;43
4243;43
4169;43
4217;43
4270;43
4435;43
4829;43
4845;43
5110;43
52;44
80;44
170;44
363;44
460;44
553;44
563;44
585;44
564;44
573;44
613;44
625;44
637;44
655;44
699;44
713;44
739;44
232;44
865;44
875;44
898;44
929;44
922;44
1048;44
1075;44
1092;44
1113;44
1153;44
1168;44
1169;44
1207;44
1209;44
1252;44
1337;44
1383;44
1399;44
1418;44
1594;44
1647;44
1679;44
1706;44
1774;44
1777;44
1831;44
1836;44
1866;44
2127;44
2046;44
2087;44
2173;44
2182;44
2202;44
2281;44
2296;44
2301;44
2302;44
2316;44
2321;44
2346;44
2420;44
2422;44
2483;44
2491;44
2558;44
2564;44
2569;44
2604;44
2643;44
2644;44
2682;44
2801;44
2840;44
2858;44
2891;44
2897;44
2952;44
3001;44
3088;44
3123;44
3135;44
3163;44
3165;44
3293;44
3297;44
3304;44
3527;44
3589;44
3606;44
3618;44
3634;44
3756;44
3762;44
3798;44
3801;44
3903;44
4038;44
4066;44
3904;44
4008;44
4047;44
4051;44
4091;44
4193;44
4262;44
4270;44
4375;44
4486;44
4494;44
4568;44
4589;44
4597;44
4605;44
4626;44
4677;44
4740;44
4784;44
4778;44
4805;44
4829;44
4866;44
4887;44
4927;44
4931;44
5108;44
5168;44
106;42
138;42
363;42
553;42
563;42
887;42
1315;42
1399;42
1468;42
1511;42
1651;42
1811;42
1866;42
2327;42
2346;42
2564;42
2651;42
2625;42
2801;42
2823;42
2952;42
3090;42
3634;42
3801;42
4091;42
4385;42
4387;42
4477;42
4605;42
4696;42
2060;20
2428;20
2441;20
2715;20
3766;20
3895;20
4588;20
4730;20
4814;20
4856;20
4907;20
144;18
146;18
536;18
591;18
620;18
727;18
1517;18
1595;18
1648;18
1851;18
2356;18
2556;18
2597;18
2650;18
2645;18
2753;18
2793;18
3298;18
4025;18
4308;18
4870;18
4914;18
12;36
361;36
529;36
562;36
571;36
815;36
1296;36
1309;36
1334;36
1369;36
1415;36
1558;36
1620;36
1666;36
1744;36
1992;36
2083;36
2113;36
2161;36
2192;36
2198;36
2217;36
2345;36
2482;36
2577;36
2731;36
2745;36
2894;36
2908;36
3082;36
3042;36
3031;36
3153;36
3279;36
3308;36
3426;36
3449;36
3641;36
3688;36
3738;36
3836;36
4242;36
4274;36
4335;36
4406;36
4622;36
4708;36
5024;36
5111;36
5159;36
5165;36
5172;36
845;55
2253;55
5119;55
168;145
271;145
274;145
338;145
499;145
504;145
724;145
976;145
993;145
1096;145
1266;145
1269;145
1270;145
1398;145
1416;145
1559;145
1576;145
1703;145
1808;145
1871;145
2111;145
2238;145
2342;145
2419;145
2438;145
2447;145
2642;145
2673;145
3226;145
3400;145
3733;145
3844;145
3947;145
4031;145
4351;145
4505;145
4582;145
5152;145
668;24
1285;24
1575;24
1743;24
1937;24
2020;24
2025;24
2234;24
2338;24
2439;24
2547;24
2726;24
2737;24
2760;24
3183;24
3197;24
3428;24
4855;24
4865;24
49;67
53;67
145;67
322;67
490;67
542;67
552;67
584;67
592;67
633;67
730;67
749;67
756;67
897;67
1066;67
1083;67
1095;67
1136;67
1268;67
1273;67
1365;67
1511;67
1612;67
1761;67
1840;67
1890;67
1990;67
2132;67
2354;67
2525;67
2677;67
2783;67
2828;67
2973;67
3134;67
3228;67
3900;67
3852;67
4150;67
4260;67
4174;67
4600;67
4625;67
4631;67
4918;67
4945;67
4944;67
5171;67
38;144
42;144
54;144
51;144
58;144
61;144
101;144
110;144
120;144
122;144
150;144
167;144
242;144
367;144
504;144
626;144
881;144
886;144
917;144
919;144
960;144
961;144
996;144
1040;144
1053;144
1060;144
1077;144
1086;144
1156;144
1197;144
1198;144
1199;144
1205;144
1260;144
1293;144
1297;144
1330;144
1333;144
1398;144
1699;144
1726;144
1770;144
1802;144
1895;144
1898;144
1905;144
1963;144
1976;144
2047;144
2194;144
2239;144
2277;144
2342;144
2348;144
2350;144
2403;144
2412;144
2447;144
2501;144
2502;144
2512;144
2519;144
2561;144
2616;144
2673;144
2639;144
2693;144
2712;144
2837;144
2866;144
2929;144
2917;144
2111;144
2977;144
3161;144
3255;144
3403;144
3400;144
3506;144
3558;144
3604;144
3645;144
3815;144
3838;144
3947;144
3930;144
3936;144
3949;144
4043;144
4031;144
4083;144
4149;144
4272;144
4282;144
4283;144
4364;144
4423;144
4467;144
4533;144
4698;144
4717;144
4734;144
4810;144
4864;144
4924;144
4928;144
5038;144
4988;144
4989;144
4990;144
5005;144
4999;144
5079;144
5087;144
5221;144
5211;144
86;124
354;124
537;124
860;124
892;124
916;124
992;124
1525;124
1545;124
1897;124
2008;124
2030;124
2626;124
2696;124
2774;124
2775;124
2815;124
2827;124
3657;124
3782;124
3806;124
4534;124
4778;124
447;59
1213;59
2138;59
2521;59
3339;59
3591;59
5192;59
32;157
65;157
87;157
90;157
96;157
97;157
140;157
147;157
159;157
169;157
181;157
246;157
366;157
367;157
375;157
390;157
400;157
408;157
454;157
615;157
619;157
701;157
757;157
768;157
805;157
813;157
804;157
840;157
983;157
989;157
1002;157
1060;157
1064;157
1086;157
1222;157
1291;157
1398;157
1422;157
1553;157
1681;157
1709;157
1731;157
1799;157
1801;157
1850;157
1878;157
1910;157
1950;157
1951;157
1991;157
2002;157
2031;157
2038;157
2094;157
2096;157
2089;157
2203;157
2237;157
2242;157
2419;157
2456;157
2464;157
2561;157
2642;157
2716;157
2721;157
2756;157
2770;157
2772;157
2807;157
2848;157
2914;157
3004;157
3131;157
3155;157
3186;157
3189;157
3243;157
3287;157
3290;157
3331;157
3355;157
3365;157
3416;157
3343;157
3352;157
3481;157
3513;157
3525;157
3680;157
3748;157
3755;157
3805;157
3853;157
3856;157
3930;157
3874;157
4153;157
4160;157
4195;157
4202;157
4184;157
4313;157
4327;157
4422;157
4423;157
4428;157
4466;157
4474;157
4487;157
4513;157
4527;157
4506;157
4656;157
4676;157
4759;157
4802;157
4813;157
4840;157
4854;157
4897;157
4900;157
4913;157
4960;157
4979;157
5044;157
5058;157
5142;157
71;63
173;63
177;63
351;63
490;63
592;63
718;63
797;63
801;63
825;63
800;63
882;63
897;63
1034;63
1118;63
1512;63
1761;63
1855;63
2141;63
2143;63
2270;63
2297;63
2314;63
2559;63
2585;63
2641;63
2783;63
2794;63
2985;63
3006;63
3038;63
3133;63
3350;63
3396;63
3567;63
3621;63
3760;63
3836;63
3900;63
4260;63
4349;63
4400;63
4624;63
4653;63
4655;63
4714;63
76;62
187;62
188;62
322;62
647;62
652;62
903;62
1268;62
1841;62
1990;62
2093;62
2184;62
2354;62
2376;62
2390;62
2508;62
2528;62
2634;62
2653;62
3020;62
3122;62
3426;62
3799;62
3852;62
4012;62
4361;62
4442;62
4625;62
4653;62
4655;62
4797;62
4899;62
4918;62
4944;62
4945;62
4955;62
4962;62
4978;62
4982;62
15;66
49;66
53;66
76;66
145;66
195;66
468;66
797;66
1083;66
1118;66
1182;66
1273;66
1512;66
1713;66
1875;66
2095;66
2455;66
2508;66
2511;66
2525;66
2677;66
3133;66
3230;66
3228;66
3760;66
4020;66
4361;66
4442;66
4622;66
4631;66
4714;66
4797;66
4955;66
4978;66
4982;66
76;70
756;70
1031;70
1083;70
1095;70
1178;70
1182;70
1273;70
1365;70
1453;70
1713;70
1840;70
1990;70
2132;70
2249;70
2354;70
2481;70
2508;70
2815;70
3020;70
3134;70
3567;70
3699;70
3768;70
4174;70
4797;70
5171;70
670;80
759;80
760;80
862;80
1432;80
2394;80
2453;80
2885;80
3333;80
51;26
220;26
260;26
295;26
306;26
331;26
352;26
472;26
498;26
566;26
627;26
656;26
662;26
763;26
788;26
864;26
965;26
975;26
1112;26
1131;26
1140;26
1223;26
1242;26
1299;26
1380;26
1503;26
1570;26
1608;26
1615;26
1728;26
1808;26
1858;26
1940;26
1983;26
2016;26
2218;26
2699;26
2762;26
2800;26
2803;26
2848;26
2914;26
2923;26
2948;26
2966;26
3141;26
3254;26
3354;26
3410;26
3454;26
3461;26
3569;26
3751;26
3769;26
3770;26
3869;26
4332;26
4547;26
4512;26
4578;26
4699;26
4793;26
4815;26
4819;26
4853;26
393;61
903;61
1696;61
2563;61
2981;61
3020;61
3089;61
3621;61
4083;61
4232;61
4962;61
21;73
92;73
141;73
160;73
378;73
681;73
683;73
753;73
851;73
1017;73
1117;73
1219;73
1256;73
1261;73
1281;73
1349;73
1351;73
1386;73
1405;73
1433;73
1523;73
1711;73
2006;73
2210;73
2300;73
2328;73
2515;73
2606;73
2736;73
2779;73
3172;73
3477;73
3656;73
3789;73
3902;73
3921;73
4239;73
4633;73
4803;73
4821;73
99;17
146;17
154;17
158;17
174;17
196;17
212;17
237;17
255;17
266;17
280;17
282;17
347;17
513;17
514;17
518;17
522;17
536;17
580;17
581;17
591;17
620;17
658;17
661;17
666;17
696;17
692;17
727;17
751;17
762;17
766;17
781;17
791;17
861;17
891;17
910;17
942;17
949;17
1094;17
1101;17
1143;17
1229;17
1271;17
1331;17
1349;17
1358;17
1425;17
1466;17
1471;17
1487;17
1488;17
1490;17
1501;17
1725;17
1730;17
1747;17
1787;17
1797;17
1826;17
1851;17
1863;17
1875;17
1882;17
1973;17
1956;17
2062;17
2076;17
2117;17
2121;17
2123;17
2140;17
2148;17
2206;17
2259;17
2274;17
2268;17
2356;17
2395;17
2414;17
2441;17
2501;17
2560;17
2597;17
2646;17
2652;17
2656;17
2688;17
2713;17
2750;17
2769;17
2794;17
2868;17
2905;17
2945;17
2984;17
3094;17
3108;17
3137;17
3165;17
3235;17
3310;17
3349;17
3364;17
3413;17
3405;17
3442;17
3497;17
3521;17
3623;17
3632;17
3647;17
3671;17
3714;17
3757;17
3766;17
3807;17
3879;17
3889;17
3895;17
3904;17
3945;17
3982;17
3956;17
4020;17
4074;17
4079;17
4085;17
4110;17
4124;17
4203;17
4253;17
4156;17
4167;17
4225;17
4269;17
4280;17
4304;17
4316;17
4401;17
4414;17
4419;17
4494;17
4515;17
4524;17
4586;17
4597;17
4684;17
4755;17
4761;17
4846;17
4869;17
5011;17
5119;17
5226;17
5228;17
135;177
201;177
214;177
298;177
303;177
307;177
328;177
404;177
410;177
415;177
439;177
457;177
508;177
511;177
624;177
635;177
667;177
689;177
693;177
708;177
927;177
931;177
1145;177
1157;177
1217;177
1243;177
1245;177
1294;177
1305;177
1306;177
1310;177
1304;177
1450;177
1451;177
444;177
1656;177
1757;177
1862;177
1874;177
1883;177
2004;177
2023;177
2104;177
2172;177
2298;177
2221;177
2355;177
2388;177
2398;177
2573;177
2598;177
2692;177
2717;177
2748;177
2930;177
3233;177
3236;177
3239;177
3247;177
3248;177
3278;177
3282;177
3284;177
3289;177
3291;177
3302;177
3351;177
3377;177
3383;177
3388;177
3395;177
3378;177
3382;177
3353;177
3376;177
3398;177
3414;177
3434;177
3435;177
3436;177
3437;177
3447;177
3448;177
3458;177
3459;177
3466;177
3515;177
3518;177
3519;177
3523;177
3348;177
3643;177
3675;177
3677;177
3691;177
3734;177
3837;177
3846;177
3998;177
4001;177
4014;177
4216;177
4218;177
4219;177
4220;177
4248;177
4249;177
4152;177
4209;177
4215;177
4258;177
4307;177
4315;177
4354;177
4353;177
4391;177
4393;177
4440;177
4445;177
4482;177
4488;177
4520;177
4529;177
4556;177
4510;177
4558;177
4561;177
4569;177
4571;177
4573;177
4577;177
4584;177
4635;177
4673;177
4682;177
4716;177
4736;177
4744;177
4763;177
4780;177
4786;177
4787;177
4791;177
4806;177
4817;177
4818;177
4820;177
4823;177
4827;177
4833;177
4839;177
4842;177
4843;177
4847;177
4876;177
4877;177
4879;177
4890;177
4921;177
4937;177
4946;177
4973;177
4975;177
5025;177
4966;177
4996;177
5010;177
5018;177
5019;177
5056;177
5059;177
5063;177
5102;177
5103;177
5109;177
5114;177
5118;177
5124;177
5126;177
5135;177
5138;177
5148;177
5184;177
5185;177
5187;177
5191;177
5193;177
5201;177
5205;177
1145;174
1485;174
1893;174
1923;174
1965;174
2881;174
2930;174
3248;174
3278;174
3282;174
3291;174
3402;174
3347;174
3395;174
3434;174
3437;174
3458;174
3459;174
3675;174
3837;174
3998;174
4001;174
4126;174
4209;174
4216;174
4218;174
4220;174
4249;174
4219;174
4215;174
4248;174
4307;174
4315;174
4334;174
4353;174
4354;174
4391;174
4393;174
4440;174
4445;174
4469;174
4488;174
4520;174
4529;174
4556;174
4510;174
4558;174
4561;174
4569;174
4571;174
4573;174
4577;174
4584;174
4635;174
4673;174
4682;174
4716;174
4736;174
4744;174
4763;174
4787;174
4786;174
4791;174
4806;174
4817;174
4818;174
4820;174
4823;174
4827;174
4833;174
4839;174
4842;174
4843;174
4850;174
4876;174
4877;174
4879;174
4890;174
4921;174
4937;174
4946;174
4966;174
4973;174
4975;174
4996;174
5010;174
5018;174
5019;174
5025;174
5056;174
5063;174
5102;174
5109;174
5114;174
5118;174
5124;174
5126;174
5135;174
5138;174
5148;174
5184;174
5187;174
5185;174
5191;174
5193;174
5201;174
5205;174
583;33
1435;33
1768;33
1966;33
3093;33
3240;33
3319;33
3498;33
3572;33
3848;33
4131;33
310;86
486;86
493;86
1165;86
1204;86
1328;86
1387;86
1834;86
868;86
2197;86
2266;86
2262;86
2820;86
2876;86
3137;86
3571;86
3628;86
3743;86
3786;86
4181;86
4194;86
4204;86
4247;86
4338;86
4347;86
4410;86
4430;86
4459;86
4471;86
4499;86
4599;86
4602;86
4629;86
4632;86
4630;86
4658;86
4687;86
4694;86
4695;86
4697;86
4700;86
4703;86
4705;86
4733;86
4742;86
4746;86
4748;86
4749;86
4751;86
4762;86
4766;86
4769;86
4824;86
4925;86
5007;86
5039;86
5003;86
5179;86
5228;86
486;85
1054;85
1165;85
2266;85
2791;85
4108;85
5111;85
80;92
190;92
312;92
557;92
1617;92
1712;92
2157;92
2264;92
2418;92
2678;92
2635;92
2853;92
3128;92
3256;92
3707;92
3940;92
3995;92
4254;92
4300;92
4564;92
4882;92
520;60
561;60
570;60
595;60
610;60
611;60
654;60
711;60
703;60
894;60
964;60
1201;60
1594;60
1793;60
1857;60
2371;60
2454;60
2465;60
2470;60
2533;60
2727;60
3069;60
3087;60
3028;60
3173;60
3898;60
4156;60
4350;60
4389;60
4416;60
4713;60
4722;60
4884;60
5009;60
5021;60
5028;60
5084;60
5100;60
5120;60
5127;60
5128;60
5141;60
5195;60
13;81
493;81
754;81
1165;81
1328;81
1466;81
1585;81
1845;81
1905;81
2028;81
2260;81
2262;81
2266;81
2268;81
2795;81
2883;81
2906;81
3107;81
3336;81
3531;81
2145;81
3628;81
3706;81
4142;81
4618;81
30;82
44;82
336;82
493;82
605;82
672;82
778;82
1054;82
1204;82
1407;82
1830;82
2090;82
2145;82
2330;82
2393;82
3035;82
3123;82
3336;82
3467;82
3628;82
3700;82
3703;82
3706;82
3743;82
3749;82
3868;82
4087;82
4104;82
4108;82
4142;82
4618;82
4694;82
4803;82
4977;82
5093;82
5230;82
319;83
336;83
386;83
486;83
605;83
1052;83
1204;83
1325;83
1631;83
1917;83
2393;83
2652;83
3256;83
3467;83
3524;83
3703;83
3751;83
3743;83
3868;83
4190;83
4192;83
4196;83
4317;83
4394;83
5099;83
5112;83
108;93
312;93
1017;93
1067;93
1176;93
1220;93
1617;93
1716;93
1997;93
2048;93
2187;93
2264;93
2343;93
2364;93
2678;93
2630;93
3018;93
3117;93
3128;93
3283;93
3391;93
3503;93
3501;93
3622;93
3940;93
4002;93
4165;93
4564;93
4771;93
4911;93
4916;93
5051;93
4961;93
62;99
112;99
190;99
198;99
534;99
557;99
716;99
941;99
1378;99
1449;99
1457;99
2157;99
2660;99
2707;99
2955;99
3078;99
3075;99
3098;99
3100;99
3117;99
3391;99
3590;99
3726;99
4254;99
4157;99
4314;99
4666;99
4938;99
5125;99
112;98
198;98
339;98
389;98
491;98
557;98
2178;98
2494;98
2630;98
2859;98
3018;98
3462;98
3463;98
3590;98
3593;98
4050;98
4145;98
4151;98
4185;98
4314;98
4564;98
4771;98
4953;98
4961;98
5119;98
5169;98
979;111
982;111
1031;111
1457;111
1773;111
1837;111
1848;111
1887;111
1901;111
1925;111
1929;111
1977;111
1982;111
1994;111
2067;111
2108;111
2084;111
2180;111
2199;111
2205;111
2251;111
2253;111
2319;111
2406;111
2468;111
2755;111
2887;111
3053;111
3106;111
3162;111
3204;111
3224;111
3222;111
3223;111
3301;111
3417;111
3415;111
3470;111
3502;111
3663;111
3746;111
3926;111
3855;111
4045;111
4193;111
4200;111
4483;111
4489;111
4496;111
4659;111
4677;111
5098;111
807;101
957;101
1579;101
1948;101
2082;101
2340;101
2622;101
2933;101
3317;101
3811;101
3829;101
4007;101
4040;101
4206;101
4874;101
4948;101
4949;101
4950;101
4980;101
5228;101
27;95
62;95
906;95
930;95
1203;95
2674;95
3660;95
4386;95
4666;95
4911;95
646;118
821;118
853;118
1336;118
1606;118
1609;118
1611;118
1613;118
1622;118
1852;118
1853;118
1925;118
1929;118
1930;118
1952;118
1975;118
1933;118
1945;118
1959;118
1968;118
1982;118
2021;118
2022;118
1795;118
2027;118
2029;118
2041;118
2034;118
2035;118
2036;118
2039;118
2044;118
2049;118
2051;118
2053;118
2033;118
2040;118
2045;118
2180;118
2181;118
2185;118
2186;118
2199;118
2303;118
2305;118
2378;118
2387;118
2846;118
2897;118
2983;118
3075;118
3053;118
3142;118
3145;118
3146;118
3157;118
3158;118
3160;118
3292;118
3470;118
3657;118
3908;118
3967;118
3986;118
4045;118
3968;118
3976;118
3983;118
3957;118
3958;118
3959;118
3970;118
3972;118
3973;118
3974;118
3984;118
3988;118
3990;118
3992;118
3993;118
3994;118
4365;118
4366;118
4367;118
4369;118
4371;118
4372;118
4373;118
4374;118
4379;118
4381;118
4382;118
4383;118
4388;118
4395;118
4397;118
4483;118
4490;118
4500;118
4501;118
4514;118
4543;118
4548;118
4549;118
4551;118
4553;118
4555;118
4557;118
4544;118
4546;118
4559;118
4562;118
4563;118
4565;118
4567;118
4570;118
4572;118
4574;118
4575;118
4576;118
4580;118
4591;118
4758;118
2310;118
4985;118
249;130
419;130
771;130
890;130
1076;130
1100;130
2724;130
3213;130
4072;130
4267;130
4725;130
118;199
1131;199
2201;199
3088;199
3911;199
4228;199
4324;199
4468;199
4593;199
4724;199
5176;199
679;182
1413;182
1710;182
1722;182
1748;182
1750;182
1804;182
1819;182
1821;182
1833;182
1993;182
2334;182
2514;182
2642;182
2709;182
2710;182
2719;182
2770;182
1708;182
3084;182
3244;182
3255;182
3603;182
3670;182
3885;182
3896;182
4068;182
4217;182
4413;182
4417;182
4504;182
4849;182
5160;182
174;109
271;109
732;109
824;109
830;109
848;109
979;109
1057;109
1210;109
1428;109
1520;109
1720;109
1789;109
1837;109
2150;109
2406;109
2452;109
2809;109
2953;109
3085;109
3111;109
3115;109
3806;109
3870;109
3926;109
4061;109
4070;109
3991;109
4489;109
4492;109
4591;109
4659;109
4792;109
5098;109
5125;109
5164;109
346;107
876;107
883;107
1077;107
1322;107
1332;107
1390;107
1475;107
1551;107
1732;107
1970;107
2054;107
2057;107
2684;107
2707;107
2869;107
2935;107
2975;107
2986;107
3098;107
3092;107
3256;107
3380;107
3520;107
3526;107
3682;107
3813;107
4110;107
4669;107
5213;107
1663;123
1971;123
2582;123
3543;123
4535;123
4693;123
830;114
982;114
984;114
1000;114
1486;114
1488;114
1490;114
1701;114
1848;114
1952;114
1925;114
2035;114
2084;114
2162;114
2185;114
2366;114
2378;114
2391;114
2565;114
2701;114
2730;114
2812;114
2992;114
3096;114
3204;114
3251;114
3375;114
3453;114
3576;114
3602;114
3908;114
4101;114
4115;114
4200;114
4377;114
4489;114
4500;114
4591;114
4720;114
4753;114
4775;114
5227;114
860;121
863;121
992;121
1618;121
1809;121
1971;121
2024;121
2030;121
2042;121
2050;121
2235;121
2400;121
3220;121
3305;121
4009;121
4376;121
4647;121
4707;121
4743;121
5116;121
5162;121
524;113
814;113
1000;113
1163;113
1210;113
1486;113
1930;113
1933;113
1945;113
1975;113
1982;113
2108;113
2044;113
2205;113
2305;113
2468;113
2538;113
2539;113
2953;113
2976;113
2992;113
3146;113
3145;113
3157;113
3160;113
3417;113
3576;113
3663;113
3793;113
3870;113
3986;113
3988;113
3991;113
4101;113
4301;113
4360;113
4415;113
4449;113
4792;113
4830;113
32;148
59;148
103;148
100;148
302;148
408;148
467;148
1263;148
1493;148
1565;148
2456;148
2503;148
2576;148
2694;148
2902;148
3883;148
4840;148
4841;148
5012;148
5017;148
5021;148
5058;148
5130;148
5212;148
151;32
163;32
197;32
568;32
578;32
589;32
606;32
623;32
674;32
880;32
910;32
926;32
934;32
1241;32
1264;32
1276;32
1296;32
1364;32
1415;32
1470;32
1588;32
1649;32
1676;32
1740;32
1756;32
1780;32
1812;32
1840;32
1866;32
1877;32
1988;32
2005;32
2012;32
2113;32
2118;32
2137;32
2149;32
2171;32
2192;32
2211;32
2252;32
2258;32
2307;32
2351;32
2375;32
2444;32
2396;32
2460;32
2497;32
2513;32
2537;32
2628;32
2731;32
2832;32
2845;32
2967;32
2985;32
3042;32
3049;32
3077;32
3093;32
3163;32
3200;32
3214;32
3319;32
3444;32
3449;32
3498;32
3594;32
3641;32
3684;32
3688;32
3738;32
3754;32
3711;32
3759;32
3795;32
3845;32
3848;32
3865;32
3918;32
3935;32
4037;32
4015;32
4214;32
4255;32
4352;32
4518;32
4519;32
4708;32
4752;32
4866;32
4909;32
2122;32
5144;32
5145;32
5172;32
5170;32
5181;32
5195;32
125;120
489;120
879;120
2235;120
3220;120
4419;120
4765;120
4770;120
1057;112
1741;112
2468;112
2812;112
3148;112
3793;112
4370;112
4720;112
174;117
465;117
602;117
814;117
855;117
908;117
1381;117
1642;117
1693;117
1887;117
1961;117
1968;117
2091;117
2282;117
2287;117
2387;117
2485;117
2729;117
2846;117
3445;117
3456;117
3457;117
3602;117
3721;117
3723;117
3964;117
3991;117
4280;117
4409;117
4501;117
4675;117
4777;117
4831;117
5194;117
17;58
79;58
139;58
143;58
179;58
287;58
466;58
516;58
570;58
609;58
621;58
627;58
628;58
711;58
697;58
778;58
909;58
943;58
964;58
1317;58
1417;58
1401;58
1491;58
1633;58
1749;58
1755;58
1777;58
1957;58
1921;58
1969;58
1980;58
2133;58
2139;58
2161;58
2182;58
2429;58
2517;58
2611;58
2949;58
2996;58
3039;58
3173;58
3272;58
3310;58
3349;58
3373;58
3369;58
3425;58
3474;58
3483;58
3538;58
3550;58
3564;58
3726;58
3762;58
3781;58
3936;58
4297;58
4416;58
4470;58
4845;58
4912;58
4972;58
5028;58
5098;58
5141;58
127;173
135;173
323;173
956;173
1194;173
1214;173
1888;173
1965;173
1996;173
2172;173
37;173
2431;173
2748;173
2881;173
2930;173
3248;173
3395;173
3434;173
3437;173
3458;173
3638;173
3675;173
3837;173
3998;173
4001;173
4116;173
4219;173
4353;173
4440;173
4445;173
4469;173
4488;173
4526;173
4529;173
4584;173
4635;173
4736;173
4744;173
4763;173
4786;173
4787;173
4791;173
4806;173
4817;173
4818;173
4820;173
4823;173
4827;173
4833;173
4839;173
4842;173
4843;173
4876;173
4877;173
4879;173
4890;173
4921;173
4937;173
4946;173
4966;173
4975;173
5018;173
4996;173
5010;173
5025;173
5056;173
5063;173
5102;173
5109;173
5114;173
5118;173
5124;173
5126;173
5148;173
5184;173
5185;173
5187;173
5193;173
5201;173
5205;173
304;23
353;23
373;23
385;23
387;23
406;23
455;23
470;23
503;23
656;23
962;23
987;23
1021;23
1112;23
1135;23
1242;23
1255;23
1258;23
1275;23
1278;23
1279;23
1283;23
1295;23
1300;23
1430;23
1516;23
1745;23
1934;23
2020;23
2156;23
2357;23
2541;23
2543;23
2714;23
2760;23
3169;23
3254;23
3354;23
344;23
3696;23
3828;23
3869;23
3888;23
3951;23
4026;23
4164;23
4547;23
4593;23
4798;23
5129;23
35;132
41;132
45;132
36;132
50;132
68;132
93;132
219;132
223;132
129;132
249;132
330;132
340;132
453;132
621;132
628;132
631;132
634;132
697;132
696;132
721;132
725;132
728;132
737;132
764;132
769;132
771;132
776;132
798;132
828;132
859;132
790;132
836;132
792;132
812;132
872;132
936;132
955;132
988;132
990;132
1015;132
1068;132
1076;132
1090;132
1114;132
1126;132
1141;132
1144;132
1166;132
1189;132
1271;132
1287;132
1288;132
1290;132
1298;132
1311;132
1314;132
1382;132
1408;132
1459;132
1462;132
1537;132
1543;132
1562;132
1602;132
1687;132
1735;132
1753;132
1778;132
1792;132
1833;132
1870;132
1886;132
1892;132
1978;132
1949;132
2000;132
2018;132
2085;132
2097;132
2075;132
2167;132
2188;132
2207;132
2225;132
2281;132
2294;132
2349;132
2367;132
2379;132
2382;132
2417;132
2523;132
2530;132
2532;132
2536;132
2557;132
2572;132
937;132
2687;132
2696;132
2747;132
2805;132
2810;132
2835;132
2855;132
2877;132
2932;132
2936;132
2940;132
2843;132
2922;132
2942;132
2931;132
2976;132
2979;132
2989;132
3068;132
3072;132
3059;132
3174;132
3166;132
3177;132
3190;132
3201;132
3202;132
3221;132
3234;132
3238;132
3262;132
3266;132
3268;132
3316;132
3352;132
3364;132
3370;132
3408;132
3349;132
3409;132
3480;132
3491;132
3529;132
3533;132
3540;132
3547;132
3563;132
3566;132
3575;132
3581;132
3585;132
3586;132
3608;132
3610;132
3616;132
3618;132
3624;132
3627;132
3644;132
3695;132
3725;132
3701;132
3720;132
3776;132
3791;132
3792;132
3818;132
3831;132
3841;132
3871;132
3881;132
3901;132
3928;132
3931;132
3937;132
3938;132
3948;132
3987;132
4016;132
4072;132
3960;132
4094;132
4113;132
4114;132
4161;132
4263;132
4150;132
4168;132
4224;132
4233;132
4238;132
4267;132
4269;132
4289;132
4295;132
4305;132
4328;132
4341;132
4346;132
4368;132
4378;132
4380;132
4403;132
4418;132
4425;132
4434;132
4455;132
4456;132
4458;132
4462;132
4472;132
4493;132
4503;132
4531;132
4585;132
4610;132
4613;132
4615;132
4626;132
4643;132
4650;132
4674;132
4677;132
4690;132
4692;132
4725;132
4729;132
4740;132
4745;132
4747;132
4753;132
4756;132
4779;132
4788;132
4796;132
4809;132
4832;132
4861;132
4860;132
4862;132
4917;132
4954;132
4969;132
4992;132
5016;132
4971;132
5068;132
5081;132
5092;132
5106;132
5137;132
5156;132
5162;132
5166;132
5168;132
5189;132
5209;132
5216;132
5231;132
275;138
349;138
886;138
919;138
1199;138
1678;138
1699;138
1898;138
2098;138
2110;138
2277;138
2350;138
2977;138
3007;138
3161;138
3486;138
3748;138
4149;138
4268;138
4959;138
16;134
19;134
81;134
134;134
186;134
215;134
222;134
241;134
321;134
340;134
602;134
737;134
761;134
798;134
873;134
867;134
1013;134
1251;134
1265;134
1287;134
2088;134
2167;134
2200;134
2247;134
2230;134
2372;134
2411;134
2530;134
937;134
2626;134
2647;134
2733;134
2759;134
3252;134
3306;134
3747;134
3775;134
3776;134
3835;134
3920;134
4161;134
4238;134
4172;134
4267;134
4295;134
4309;134
4438;134
4579;134
4581;134
4641;134
4652;134
4729;134
205;131
241;131
341;131
419;131
717;131
782;131
872;131
980;131
1265;131
1372;131
1494;131
1630;131
1700;131
1949;131
1981;131
2308;131
2411;131
2661;131
2689;131
2782;131
2942;131
3465;131
3608;131
3720;131
3873;131
3996;131
3969;131
4109;131
4438;131
4444;131
4457;131
4743;131
4756;131
4959;131
5166;131
64;125
93;125
148;125
166;125
225;125
278;125
523;125
537;125
600;125
665;125
732;125
837;125
888;125
916;125
914;125
973;125
992;125
1244;125
1357;125
1525;125
1566;125
1600;125
1618;125
1664;125
1762;125
1809;125
1819;125
1897;125
2003;125
2007;125
2024;125
2030;125
2151;125
2183;125
2243;125
2244;125
2303;125
2324;125
2367;125
2373;125
2374;125
2412;125
2509;125
2544;125
2571;125
2579;125
2655;125
2658;125
2728;125
2757;125
2774;125
2775;125
2790;125
2884;125
2879;125
2991;125
3005;125
3051;125
3110;125
3114;125
3238;125
3218;125
3305;125
3473;125
3543;125
2811;125
3753;125
3867;125
3926;125
3922;125
3904;125
4261;125
4278;125
4288;125
4293;125
4300;125
4319;125
4402;125
4434;125
4436;125
4502;125
4508;125
4672;125
4681;125
4709;125
4710;125
4764;125
5046;125
5131;125
5140;125
5147;125
5157;125
5230;125
5222;125
63;129
221;129
523;129
728;129
907;129
1311;129
1568;129
1663;129
1939;129
2085;129
2582;129
2661;129
2747;129
2989;129
3124;129
3268;129
3266;129
3581;129
3627;129
3933;129
4221;129
4223;129
4378;129
4433;129
4444;129
4472;129
4503;129
4535;129
4674;129
4807;129
5016;129
61;146
101;146
110;146
349;146
829;146
1053;146
1678;146
1767;146
1963;146
1964;146
2098;146
2213;146
2238;146
2502;146
2618;146
2669;146
2917;146
2915;146
3486;146
3645;146
4396;146
137;142
168;142
242;142
274;142
308;142
338;142
382;142
401;142
499;142
537;142
687;142
700;142
731;142
829;142
881;142
996;142
1012;142
1096;142
1156;142
1163;142
1266;142
1269;142
1270;142
1330;142
1377;142
1384;142
1416;142
1421;142
1576;142
1683;142
1698;142
1703;142
1726;142
1802;142
1871;142
1898;142
1912;142
1950;142
1932;142
2088;142
2064;142
2111;142
2190;142
2213;142
2241;142
2322;142
2372;142
2403;142
2544;142
2608;142
2621;142
2669;142
2673;142
2837;142
2915;142
3024;142
3027;142
3076;142
3057;142
3159;142
3227;142
3255;142
3269;142
3346;142
3464;142
3479;142
3486;142
3506;142
3642;142
3645;142
3674;142
3698;142
3815;142
3930;142
4183;142
4184;142
4272;142
4296;142
4302;142
4320;142
4351;142
4396;142
4423;142
4505;142
4582;142
4616;142
4810;142
4863;142
5013;142
5064;142
5174;142
5204;142
5218;142
58;141
110;141
122;141
137;141
242;141
275;141
349;141
367;141
375;141
414;141
561;141
829;141
828;141
993;141
1016;141
1040;141
1052;141
1120;141
1156;141
1197;141
1199;141
1260;141
1270;141
1271;141
1333;141
1559;141
1698;141
1726;141
1770;141
1895;141
1932;141
1963;141
1976;141
2002;141
2018;141
2121;141
2155;141
2238;141
2277;141
2438;141
2502;141
2512;141
2519;141
2529;141
2616;141
2618;141
2621;141
2669;141
2735;141
2833;141
2917;141
2937;141
2915;141
2961;141
2977;141
3057;141
3071;141
3216;141
3219;141
3227;141
3424;141
3464;141
3479;141
3499;141
3642;141
3695;141
3733;141
3767;141
3947;141
4269;141
4272;141
4291;141
4296;141
4302;141
4320;141
4364;141
4533;141
4582;141
4585;141
4650;141
4675;141
4698;141
4734;141
4740;141
4788;141
4848;141
4864;141
4903;141
4989;141
4988;141
4990;141
18;156
77;156
124;156
147;156
166;156
169;156
271;156
330;156
333;156
366;156
377;156
400;156
467;156
525;156
540;156
615;156
626;156
638;156
660;156
712;156
715;156
725;156
768;156
805;156
813;156
834;156
877;156
893;156
918;156
960;156
983;156
989;156
1020;156
1037;156
1063;156
1064;156
1100;156
1129;156
1149;156
1160;156
1197;156
1233;156
1266;156
1301;156
1327;156
1335;156
1383;156
1434;156
1493;156
1515;156
1591;156
1597;156
1620;156
1630;156
1681;156
1691;156
1709;156
1731;156
1781;156
1805;156
1842;156
1850;156
1943;156
1950;156
1981;156
2025;156
2038;156
2043;156
2085;156
2096;156
2094;156
2193;156
2286;156
2242;156
2417;156
2416;156
2499;156
2551;156
2553;156
2576;156
2617;156
2637;156
2711;156
2716;156
2720;156
2721;156
2742;156
2749;156
2756;156
2770;156
2772;156
2776;156
2777;156
2804;156
2807;156
2833;156
2871;156
2893;156
2898;156
2902;156
3004;156
3072;156
3170;156
3168;156
3175;156
3180;156
3187;156
3243;156
3252;156
3295;156
3307;156
3309;156
3318;156
3355;156
3408;156
3455;156
3534;156
3580;156
3583;156
3616;156
3633;156
3636;156
3697;156
3715;156
3761;156
3777;156
3796;156
3912;156
3934;156
3874;156
4028;156
3915;156
4049;156
4048;156
4065;156
4089;156
4092;156
4141;156
4147;156
4153;156
4186;156
4143;156
4195;156
4378;156
4406;156
4412;156
4422;156
4479;156
4491;156
4513;156
4493;156
4505;156
4594;156
4656;156
4692;156
4702;156
4750;156
4831;156
4837;156
4857;156
4864;156
4897;156
4900;156
4906;156
4917;156
4924;156
4928;156
5008;156
4959;156
4979;156
4995;156
5050;156
5058;156
5075;156
5083;156
5081;156
5094;156
5101;156
44;90
754;90
1328;90
1830;90
2260;90
2340;90
2393;90
2603;90
2615;90
2780;90
2795;90
2814;90
3524;90
3531;90
3550;90
3564;90
3703;90
3706;90
4087;90
4142;90
4536;90
4618;90
5099;90
5112;90
499;147
961;147
976;147
993;147
1361;147
1567;147
1703;147
2322;147
3024;147
3219;147
3226;147
3502;147
3844;147
4739;147
5064;147
5152;147
59;150
65;150
103;150
140;150
246;150
454;150
626;150
717;150
757;150
1075;150
1149;150
1291;150
1297;150
1347;150
1591;150
1782;150
1824;150
1842;150
1865;150
1910;150
2002;150
2038;150
2233;150
2333;150
2498;150
2524;150
2742;150
2744;150
2772;150
2816;150
2893;150
3168;150
3187;150
3210;150
3331;150
3446;150
3697;150
3796;150
4015;150
4048;150
4049;150
4028;150
4153;150
4360;150
4474;150
4527;150
4665;150
4836;150
4889;150
4896;150
4902;150
4904;150
4906;150
4926;150
5012;150
5133;150
54;153
65;153
90;153
100;153
104;153
159;153
302;153
333;153
390;153
405;153
408;153
454;153
467;153
492;153
696;153
724;153
768;153
783;153
826;153
954;153
983;153
1037;153
1048;153
1149;153
1337;153
1341;153
1434;153
1553;153
1565;153
1678;153
1691;153
1770;153
1781;153
1799;153
1824;153
1865;153
1956;153
2010;153
2025;153
2043;153
2097;153
2102;153
2203;153
2242;153
2237;153
2476;153
2485;153
2498;153
2524;153
2602;153
2617;153
2643;153
2655;153
2671;153
2619;153
2651;153
2684;153
2694;153
2711;153
2816;153
2878;153
2945;153
3004;153
3012;153
3155;153
3173;153
3209;153
3210;153
3269;153
3290;153
3307;153
3355;153
3365;153
3343;153
3438;153
3510;153
3513;153
3532;153
3558;153
3559;153
3583;153
3667;153
3741;153
3912;153
3889;153
4048;153
4136;153
4245;153
4143;153
4327;153
4428;153
4479;153
4487;153
4491;153
4513;153
4527;153
4665;153
4702;153
4715;153
4735;153
4737;153
4750;153
4781;153
4802;153
4813;153
4897;153
4917;153
4926;153
5042;153
5075;153
5086;153
5130;153
5232;153
112;193
238;193
247;193
251;193
318;193
350;193
418;193
475;193
482;193
488;193
487;193
501;193
517;193
598;193
649;193
663;193
694;193
722;193
774;193
795;193
831;193
997;193
1116;193
1174;193
1216;193
1354;193
1499;193
1506;193
1507;193
1555;193
1561;193
1593;193
1697;193
1727;193
1737;193
1976;193
2099;193
2193;193
2226;193
2291;193
2317;193
2520;193
2817;193
2995;193
2997;193
3003;193
3021;193
3047;193
3026;193
3144;193
3271;193
3313;193
3466;193
3468;193
3475;193
3552;193
3832;193
3861;193
3863;193
4042;193
4119;193
4163;193
4241;193
4344;193
4432;193
4691;193
5031;193
4974;193
4981;193
5015;193
5023;193
5014;193
5076;193
5077;193
5080;193
5108;193
5113;193
5146;193
5197;193
5219;193
5220;193
59;155
103;155
140;155
165;155
167;155
200;155
333;155
403;155
680;155
701;155
1027;155
1040;155
1068;155
1096;155
1220;155
1263;155
1341;155
1565;155
1917;155
2031;155
2091;155
2233;155
2271;155
2498;155
2503;155
2562;155
2618;155
2644;155
2637;155
2701;155
2811;155
2871;155
2961;155
2982;155
3155;155
3168;155
3218;155
3309;155
3331;155
3343;155
3431;155
3455;155
3456;155
3532;155
3740;155
3805;155
4133;155
4186;155
4225;155
4327;155
4387;155
4396;155
4404;155
4476;155
4620;155
4665;155
4841;155
4871;155
4889;155
4902;155
4926;155
5044;155
4995;155
292;166
733;166
1107;166
1362;166
2105;166
2587;166
3060;166
3311;166
3441;166
3476;166
3549;166
2781;166
4041;166
4011;166
4055;166
4099;166
4117;166
4123;166
4127;166
4128;166
4132;166
4134;166
4158;166
4168;166
4171;166
4192;166
4244;166
4256;166
4325;166
4516;166
4726;166
4785;166
4994;166
5190;166
5199;166
5217;166
394;165
441;165
462;165
492;165
852;165
1682;165
1974;165
2146;165
2452;165
2672;165
2787;165
3516;165
3522;165
3768;165
3965;165
4554;165
4901;165
98;164
170;164
207;164
264;164
309;164
409;164
1345;164
1441;164
1665;164
2066;164
2311;164
3019;164
3768;164
3827;164
4003;164
4125;164
4256;164
262;160
409;160
1682;160
3060;160
4011;160
4271;160
4651;160
4670;160
98;161
309;161
736;161
1024;161
1231;161
1549;161
1928;161
2436;161
2461;161
2518;161
3300;161
3522;161
3737;161
3735;161
4034;161
3853;161
3965;161
4325;161
4469;161
24;163
149;163
152;163
153;163
343;163
462;163
484;163
485;163
539;163
592;163
687;163
742;163
745;163
746;163
755;163
806;163
818;163
889;163
893;163
924;163
920;163
921;163
929;163
1024;163
1059;163
1069;163
1089;163
1110;163
1139;163
1231;163
1307;163
1312;163
1346;163
1400;163
1404;163
1409;163
1431;163
1402;163
1477;163
1482;163
1497;163
1504;163
1510;163
1514;163
1546;163
1581;163
1582;163
1584;163
1586;163
1625;163
1626;163
1627;163
1637;163
1641;163
1642;163
1690;163
1705;163
1707;163
1719;163
1794;163
1806;163
1818;163
1835;163
1928;163
1920;163
1987;163
2066;163
2073;163
2094;163
2096;163
2107;163
2068;163
2078;163
2101;163
2156;163
2168;163
2198;163
2208;163
2248;163
2299;163
2332;163
2375;163
2399;163
2426;163
2436;163
2471;163
2493;163
2510;163
2525;163
2555;163
2640;163
2732;163
2781;163
2783;163
2788;163
2791;163
2796;163
2805;163
2828;163
2927;163
2965;163
3006;163
3052;163
3060;163
3164;163
3362;163
3396;163
3350;163
3476;163
3522;163
3549;163
3551;163
3584;163
3588;163
3599;163
3683;163
3685;163
3689;163
3714;163
3735;163
3737;163
3740;163
3792;163
3853;163
3858;163
3943;163
4034;163
3971;163
4052;163
4062;163
4097;163
4099;163
4127;163
4137;163
4139;163
4150;163
4160;163
4174;163
4179;163
4212;163
4158;163
4276;163
4277;163
4310;163
4311;163
4312;163
4325;163
4349;163
4399;163
4538;163
4516;163
4554;163
4598;163
4624;163
4638;163
4636;163
4648;163
4714;163
4886;163
4935;163
4939;163
4997;163
5050;163
5061;163
109;187
4264;187
364;186
671;186
1065;186
1232;186
1487;186
1872;186
2153;186
2845;186
3795;186
4590;186
127;170
245;170
273;170
285;170
294;170
287;170
308;170
323;170
395;170
397;170
549;170
586;170
584;170
594;170
599;170
657;170
909;170
956;170
1018;170
1104;170
1113;170
1214;170
1334;170
1367;170
1485;170
1667;170
1965;170
1923;170
1948;170
1996;170
2019;170
2099;170
2104;170
2248;170
2295;170
2229;170
2329;170
2612;170
2613;170
3050;170
3080;170
3167;170
3288;170
3302;170
3313;170
3326;170
3511;170
3597;170
3854;170
4013;170
4029;170
4006;170
4039;170
4109;170
4155;170
4237;170
4318;170
4443;170
4526;170
4592;170
4793;170
5156;170
5210;170
5215;170
91;172
261;172
273;172
287;172
294;172
348;172
395;172
456;172
466;172
549;172
642;172
690;172
845;172
956;172
1006;172
1018;172
1098;172
1122;172
1146;172
1194;172
1352;172
1367;172
1471;172
1485;172
1499;172
1505;172
1636;172
1786;172
1838;172
1854;172
1855;172
1867;172
1893;172
1923;172
1996;172
2184;172
2313;172
2295;172
2224;172
2425;172
2431;172
2507;172
2612;172
2613;172
2634;172
2654;172
2973;172
2995;172
3005;172
3014;172
3050;172
3136;172
3188;172
3282;172
3288;172
3291;172
3313;172
3326;172
3351;172
3368;172
3322;172
3341;172
3347;172
3468;172
3612;172
3638;172
3664;172
3975;172
3978;172
4013;172
4039;172
4042;172
4051;172
4093;172
4097;172
4155;172
4163;172
4278;172
4344;172
4526;172
4592;172
4613;172
4484;172
5048;172
5076;172
5122;172
5215;172
5223;172
1838;176
2104;176
261;171
1122;171
1653;171
3079;171
3136;171
3341;171
3975;171
5122;171
285;184
679;184
2845;184
5149;184
679;181
3084;181
306;12
288;12
314;12
319;12
332;12
342;12
387;12
427;12
403;12
470;12
497;12
505;12
576;12
612;12
773;12
833;12
838;12
913;12
954;12
966;12
975;12
1014;12
1069;12
1080;12
1099;12
1108;12
1193;12
1267;12
1374;12
1406;12
1429;12
1464;12
1528;12
1540;12
1570;12
1655;12
1769;12
1783;12
1797;12
1828;12
1934;12
1953;12
2014;12
2071;12
2088;12
2090;12
2134;12
2223;12
2231;12
2289;12
2259;12
2318;12
2446;12
2516;12
2527;12
2629;12
2662;12
2691;12
2759;12
2767;12
2840;12
2854;12
2856;12
2883;12
2913;12
2923;12
2900;12
2966;12
2974;12
3035;12
3074;12
3183;12
3243;12
3250;12
3276;12
3359;12
3407;12
3412;12
3366;12
3445;12
3454;12
3457;12
3493;12
3559;12
3573;12
3615;12
3623;12
3655;12
3696;12
3718;12
3834;12
3893;12
3916;12
4030;12
4050;12
4059;12
4083;12
4265;12
4303;12
4420;12
4587;12
3367;12
4925;12
5040;12
5115;12
240;185
250;185
37;185
4360;185
4662;185
4678;185
544;37
902;37
1776;37
2211;37
2217;37
3082;37
3153;37
4932;37
5181;37
22;6
46;6
66;6
284;6
327;6
331;6
393;6
397;6
407;6
582;6
616;6
838;6
843;6
854;6
1012;6
1101;6
1262;6
1464;6
1465;6
1508;6
1629;6
1665;6
1764;6
1785;6
1846;6
1878;6
1885;6
2154;6
2160;6
2165;6
2228;6
2234;6
2274;6
2293;6
2414;6
2476;6
2492;6
2750;6
2920;6
3235;6
3658;6
3667;6
3941;6
4009;6
4111;6
4133;6
4177;6
4485;6
4608;6
4675;6
4761;6
4774;6
4808;6
4831;6
4856;6
4914;6
4952;6
5011;6
5049;6
5082;6
5143;6
39;27
213;27
291;27
355;27
489;27
515;27
546;27
565;27
601;27
682;27
748;27
847;27
883;27
1072;27
1128;27
1140;27
1190;27
1235;27
1236;27
1285;27
1316;27
1339;27
1343;27
1347;27
1350;27
1423;27
1442;27
1515;27
1520;27
1540;27
1623;27
1743;27
1745;27
1803;27
1814;27
1894;27
1936;27
1937;27
2001;27
2026;27
2109;27
2219;27
2223;27
2323;27
2337;27
2435;27
2443;27
2451;27
2664;27
2654;27
2681;27
2705;27
2714;27
2741;27
2764;27
2875;27
3041;27
3141;27
3257;27
3264;27
3276;27
3354;27
3345;27
3570;27
2739;27
3693;27
3712;27
3716;27
3769;27
3809;27
3828;27
3854;27
3869;27
3888;27
3979;27
4007;27
4046;27
4009;27
4202;27
4333;27
4345;27
4408;27
4460;27
4468;27
4473;27
4515;27
4611;27
4614;27
4663;27
4685;27
4768;27
4855;27
4957;27
5104;27
39;29
260;29
388;29
512;29
538;29
559;29
668;29
682;29
770;29
780;29
912;29
1017;29
1047;29
1052;29
1055;29
1070;29
1104;29
1130;29
1338;29
1360;29
1442;29
1575;29
1668;29
1696;29
1728;29
1743;29
1803;29
1808;29
1814;29
1879;29
1940;29
1942;29
2020;29
2292;29
2366;29
2443;29
2458;29
2457;29
2532;29
2536;29
2547;29
2636;29
2637;29
2738;29
2740;29
2803;29
2868;29
3086;29
3154;29
3169;29
3197;29
3363;29
3410;29
3392;29
3430;29
3569;29
3674;29
3682;29
3693;29
3712;29
3716;29
3911;29
3981;29
4018;29
4026;29
4228;29
4261;29
4250;29
4324;29
4408;29
4525;29
4578;29
4587;29
4593;29
4627;29
4699;29
4724;29
4741;29
4755;29
5013;29
5038;29
5060;29
5176;29
18;151
77;151
100;151
117;151
165;151
615;151
715;151
813;151
893;151
1037;151
1063;151
1129;151
1301;151
1327;151
1335;151
1434;151
1493;151
1591;151
1597;151
1681;151
1782;151
1805;151
1842;151
1951;151
2043;151
2155;151
2309;151
2401;151
2416;151
2474;151
2491;151
2499;151
2576;151
2617;151
2711;151
2716;151
2720;151
2721;151
2742;151
2749;151
2756;151
2776;151
2777;151
2804;151
2807;151
2871;151
2893;151
2873;151
2902;151
3170;151
3309;151
3332;151
3352;151
3534;151
3636;151
3697;151
3874;151
3912;151
3934;151
4049;151
4025;151
4028;151
4147;151
4195;151
4186;151
4257;151
4406;151
4422;151
4466;151
4474;151
4491;151
4579;151
4581;151
4594;151
4717;151
4750;151
4759;151
4809;151
4837;151
4841;151
4889;151
4896;151
4900;151
4904;151
4905;151
4906;151
4913;151
5050;151
4960;151
4979;151
5008;151
5017;151
5075;151
5083;151
5101;151
5129;151
5154;151
5232;151
247;196
253;196
256;196
350;196
393;196
482;196
517;196
579;196
598;196
690;196
767;196
774;196
1116;196
1174;196
1441;196
1555;196
2158;196
2257;196
2320;196
2683;196
2897;196
3003;196
3144;196
3199;196
3198;196
3260;196
3267;196
3271;196
3303;196
3468;196
4432;196
4620;196
5029;196
5067;196
5173;196
5219;196
930;97
1583;97
1815;97
2059;97
2267;97
2494;97
2596;97
3128;97
4063;97
4102;97
4110;97
4138;97
4953;97
4961;97
5125;97
5169;97
359;192
372;192
474;192
519;192
531;192
598;192
632;192
645;192
694;192
1174;192
1447;192
1460;192
1506;192
1507;192
1555;192
1593;192
1902;192
2099;192
2317;192
2995;192
2998;192
3003;192
3009;192
3012;192
3017;192
3019;192
3032;192
3021;192
3026;192
3052;192
3030;192
3047;192
3139;192
3070;192
3144;192
3150;192
3271;192
3318;192
3359;192
3365;192
3323;192
3433;192
3488;192
3504;192
3552;192
3597;192
3771;192
3861;192
3863;192
3907;192
3932;192
3978;192
4231;192
4243;192
4285;192
4464;192
4691;192
4721;192
4834;192
5030;192
4974;192
5031;192
5033;192
5146;192
5197;192
5214;192
5220;192
17;52
139;52
143;52
156;52
217;52
265;52
497;52
516;52
555;52
558;52
608;52
621;52
625;52
628;52
654;52
657;52
697;52
711;52
674;52
739;52
849;52
866;52
874;52
909;52
968;52
1028;52
1121;52
1127;52
1134;52
1317;52
1360;52
1401;52
1491;52
1505;52
1598;52
1633;52
1694;52
1719;52
1749;52
1755;52
1763;52
1801;52
1921;52
2122;52
2139;52
2142;52
2271;52
2291;52
2429;52
2408;52
2463;52
2465;52
2483;52
2533;52
2570;52
2595;52
2611;52
2745;52
2752;52
2823;52
2858;52
2866;52
2981;52
2996;52
3011;52
3045;52
3088;52
3118;52
3182;52
3272;52
3320;52
3373;52
3399;52
3401;52
3425;52
3474;52
3482;52
3550;52
3612;52
3842;52
3914;52
3949;52
4000;52
4029;52
3850;52
3997;52
4287;52
4421;52
4470;52
4519;52
4539;52
4801;52
4868;52
4884;52
4972;52
5226;52
502;200
506;200
546;200
668;200
682;200
748;200
1074;200
1078;200
1131;200
1140;200
1902;200
2201;200
2323;200
2705;200
2741;200
2762;200
2913;200
2970;200
3008;200
3493;200
3809;200
3951;200
4044;200
4018;200
4588;200
4627;200
4657;200
78;201
716;201
930;201
1183;201
1320;201
1322;201
2059;201
2119;201
2596;201
2660;201
2667;201
2726;201
2771;201
2798;201
2981;201
3078;201
3117;201
3270;201
3283;201
3463;201
3561;201
3593;201
3601;201
3707;201
3893;201
4044;201
3977;201
4010;201
4104;201
4157;201
4189;201
4318;201
4882;201
5001;201
1718;197
2257;197
2320;197
37;197
3002;197
3030;197
3260;197
3905;197
3913;197
4231;197
4432;197
4834;197
5214;197
117;152
206;152
638;152
840;152
1064;152
1731;152
1839;152
2456;152
3187;152
3715;152
4141;152
4466;152
4871;152
4960;152
377;202
809;202
1535;202
2283;202
2304;202
2430;202
2462;202
2568;202
2726;202
2729;202
2933;202
3098;202
3129;202
3381;202
3430;202
2739;202
3729;202
3872;202
4182;202
4669;202
4912;202
99;198
334;198
580;198
1036;198
1583;198
1826;198
1882;198
2175;198
2878;198
2988;198
3099;198
3406;198
3413;198
3956;198
4478;198
1073;140
1269;140
1377;140
1443;140
1871;140
2621;140
3479;140
3815;140
4291;140
5005;140
5218;140
841;100
846;100
820;100
957;100
1049;100
1161;100
1338;100
1544;100
2013;100
2057;100
2265;100
2459;100
2797;100
2818;100
2838;100
2844;100
2861;100
2880;100
2935;100
2863;100
3067;100
3125;100
3140;100
3210;100
3217;100
3317;100
3380;100
3393;100
3333;100
3384;100
3652;100
3668;100
3704;100
3811;100
3826;100
4040;100
4135;100
4607;100
4719;100
4800;100
4874;100
4892;100
4895;100
5055;100
5049;100
5032;100
445;194
1447;194
1460;194
1574;194
3913;194
3905;194
1390;103
2809;103
2813;103
3092;103
3119;103
3690;103
4607;103
336;22
581;22
661;22
891;22
1065;22
1219;22
1229;22
1479;22
2275;22
2467;22
2645;22
2650;22
2706;22
2753;22
2769;22
3406;22
3413;22
3686;22
3813;22
4814;22
4907;22
5062;22
92;108
270;108
272;108
346;108
432;108
463;108
469;108
531;108
674;108
820;108
810;108
861;108
954;108
1436;108
1508;108
1657;108
1665;108
1760;108
1778;108
1867;108
1938;108
2142;108
2170;108
2459;108
2463;108
2462;108
2866;108
2869;108
2980;108
3140;108
3185;108
3430;108
3514;108
3574;108
3709;108
3729;108
3752;108
3795;108
4074;108
4356;108
4368;108
4608;108
4892;108
4950;108
4976;108
5116;108
5226;108
74;203
411;203
770;203
844;203
848;203
855;203
860;203
863;203
879;203
892;203
915;203
959;203
968;203
984;203
985;203
1070;203
1230;203
1244;203
1316;203
1489;203
1525;203
1545;203
1601;203
1639;203
1654;203
1664;203
1674;203
1774;203
1908;203
2128;203
2183;203
2207;203
2227;203
1030;203
2273;203
2244;203
2360;203
2367;203
2379;203
2445;203
2545;203
2626;203
2738;203
2790;203
2884;203
2896;203
2945;203
2968;203
3114;203
3121;203
3062;203
3171;203
3275;203
3305;203
3529;203
3480;203
3692;203
3747;203
3782;203
3819;203
4278;203
4319;203
4495;203
4502;203
4534;203
4704;203
4707;203
4709;203
4710;203
4732;203
4760;203
4986;203
5068;203
5072;203
5147;203
12;34
15;34
106;34
162;34
163;34
179;34
182;34
197;34
313;34
343;34
356;34
361;34
420;34
443;34
442;34
449;34
466;34
507;34
529;34
560;34
558;34
563;34
589;34
584;34
594;34
606;34
609;34
617;34
619;34
655;34
686;34
692;34
704;34
669;34
710;34
723;34
734;34
818;34
887;34
902;34
913;34
935;34
948;34
950;34
952;34
1038;34
1063;34
1099;34
1105;34
1109;34
1128;34
1137;34
1142;34
1171;34
1248;34
1292;34
1296;34
1364;34
1369;34
1370;34
1392;34
1417;34
1436;34
1435;34
1470;34
1498;34
1558;34
1588;34
1679;34
1738;34
1756;34
1776;34
1791;34
1831;34
1823;34
1873;34
1904;34
1909;34
1916;34
1966;34
1932;34
2005;34
2010;34
2015;34
2083;34
2107;34
2101;34
2113;34
2140;34
2171;34
2182;34
2202;34
2204;34
2209;34
2217;34
2252;34
2258;34
2330;34
2333;34
2329;34
2345;34
2369;34
2375;34
2386;34
2396;34
2420;34
2421;34
2427;34
2449;34
2460;34
2504;34
2517;34
2537;34
2553;34
2554;34
2563;34
2577;34
2586;34
2604;34
2745;34
2819;34
2908;34
2938;34
2894;34
2948;34
2949;34
2958;34
3001;34
3014;34
3082;34
3028;34
3042;34
3049;34
3027;34
3135;34
3138;34
3167;34
3196;34
3203;34
3205;34
3225;34
3214;34
3279;34
3296;34
3308;34
3346;34
3421;34
3426;34
3467;34
3496;34
3572;34
3653;34
3684;34
3688;34
3738;34
3762;34
3810;34
3918;34
3921;34
3914;34
3939;34
4089;34
4130;34
4214;34
4250;34
4227;34
4243;34
4335;34
4358;34
4398;34
4400;34
4399;34
4405;34
4465;34
4528;34
4539;34
4595;34
4601;34
4616;34
4639;34
4642;34
4683;34
4708;34
4711;34
4731;34
4772;34
4793;34
4828;34
4878;34
4880;34
4888;34
4899;34
4909;34
4920;34
4932;34
5070;34
5150;34
5155;34
5159;34
5165;34
5172;34
5091;34
5174;34
5194;34
5196;34
5223;34
316;39
356;39
450;39
578;39
641;39
642;39
650;39
669;39
676;39
704;39
710;39
902;39
935;39
934;39
939;39
946;39
948;39
950;39
999;39
1061;39
1097;39
1109;39
1169;39
1171;39
1264;39
1368;39
1373;39
1379;39
1435;39
1445;39
1461;39
1470;39
1498;39
1524;39
1588;39
1649;39
1661;39
1629;39
1639;39
1669;39
1676;39
1677;39
1686;39
1692;39
1740;39
1751;39
1791;39
1829;39
1823;39
1873;39
1918;39
1979;39
2012;39
2101;39
2107;39
2118;39
2137;39
2149;39
2204;39
2209;39
2211;39
2278;39
2292;39
2351;39
2392;39
2425;39
2430;39
2444;39
2421;39
2454;39
2460;39
2484;39
2497;39
2540;39
2554;39
2586;39
2628;39
2731;39
2819;39
2832;39
2854;39
2908;39
2948;39
2967;39
3006;39
3010;39
3043;39
3225;39
3205;39
3240;39
3308;39
3399;39
3421;39
3444;39
3449;39
3496;39
3594;39
3653;39
3708;39
3754;39
3759;39
3788;39
3823;39
3848;39
3914;39
3939;39
3960;39
4297;39
4323;39
4398;39
4465;39
4507;39
4518;39
4528;39
4595;39
4601;39
4642;39
4731;39
4754;39
4801;39
4826;39
4828;39
4880;39
4912;39
4920;39
4930;39
4932;39
4931;39
5002;39
5094;39
5144;39
5150;39
5155;39
5159;39
5165;39
313;106
657;106
731;106
809;106
833;106
957;106
958;106
1023;106
1190;106
1475;106
1579;106
1596;106
1638;106
1650;106
1652;106
1668;106
1684;106
1689;106
1720;106
1732;106
1789;106
1869;106
1884;106
1938;106
1941;106
1948;106
2013;106
2058;106
2069;106
2048;106
2057;106
2082;106
2127;106
2304;106
398;106
2265;106
2391;106
2566;106
2622;106
2702;106
2707;106
2797;106
2802;106
2806;106
2818;106
2869;106
2924;106
2978;106
3181;106
3237;106
3397;106
3546;106
3574;106
3646;106
3668;106
3682;106
3709;106
3826;106
4374;106
4492;106
4495;106
4789;106
4816;106
5055;106
5164;106
5183;106
5222;106
148;127
354;127
837;127
916;127
973;127
1566;127
1600;127
1897;127
1971;127
2273;127
2230;127
2324;127
2432;127
2579;127
2723;127
2757;127
2992;127
3051;127
3062;127
3220;127
3473;127
3543;127
3753;127
4641;127
4672;127
4693;127
4709;127
4710;127
4765;127
4770;127
4816;127
5046;127
5140;127
183;10
380;10
762;10
854;10
1195;10
1623;10
1783;10
1906;10
1983;10
2148;10
2445;10
2560;10
2567;10
2607;10
2920;10
2947;10
2969;10
3374;10
3481;10
3673;10
3783;10
4092;10
4118;10
4235;10
4245;10
4265;10
4477;10
4774;10
4910;10
5088;10
5110;10
46;13
192;13
284;13
285;13
1915;13
1994;13
2052;13
2155;13
3259;13
3423;13
3783;13
3784;13
4118;13
4390;13
104;4
253;4
258;4
263;4
293;4
342;4
933;4
1161;4
1280;4
1463;4
1734;4
1769;4
2160;4
2423;4
2492;4
2773;4
2821;4
2904;4
2961;4
3001;4
3359;4
3345;4
3648;4
3804;4
3942;4
4018;4
4251;4
4326;4
4341;4
4449;4
4623;4
4774;4
4859;4
2894;4
5072;4
5157;4
15;68
20;68
23;68
25;68
48;68
53;68
71;68
173;68
202;68
184;68
194;68
196;68
227;68
311;68
345;68
369;68
429;68
544;68
552;68
560;68
835;68
1169;68
1172;68
1173;68
1182;68
1200;68
1216;68
1247;68
1250;68
1272;68
1259;68
1890;68
2311;68
2306;68
2455;68
2794;68
2805;68
3387;68
3401;68
3411;68
3399;68
3535;68
3568;68
3639;68
3666;68
3694;68
3785;68
3799;68
3810;68
3816;68
3822;68
3860;68
3890;68
4230;68
4274;68
4336;68
4361;68
4384;68
4385;68
4411;68
4426;68
4431;68
4540;68
4583;68
4606;68
4622;68
4631;68
4671;68
4684;68
4686;68
4776;68
4901;68
4935;68
4970;68
5174;68
394;158
405;158
1097;158
2311;158
2555;158
2874;158
4232;158
4399;158
4785;158
4886;158
4994;158
5049;158
5217;158
272;110
602;110
644;110
824;110
827;110
848;110
853;110
830;110
814;110
821;110
846;110
908;110
921;110
945;110
979;110
982;110
1000;110
1031;110
1057;110
1133;110
1210;110
1381;110
1403;110
1583;110
1606;110
1609;110
1611;110
1613;110
1622;110
1642;110
1693;110
1720;110
1733;110
1741;110
1779;110
1789;110
1795;110
1815;110
1837;110
1845;110
1852;110
1853;110
1887;110
1933;110
1945;110
1959;110
1961;110
1975;110
1930;110
2021;110
2022;110
2024;110
2027;110
2029;110
2033;110
2035;110
2036;110
2042;110
2044;110
2049;110
2050;110
2053;110
2084;110
2034;110
2039;110
2040;110
2041;110
2051;110
2061;110
2162;110
2045;110
2150;110
2180;110
2181;110
2199;110
2282;110
2287;110
2303;110
2305;110
2341;110
2378;110
2562;110
2565;110
2730;110
2755;110
2846;110
2953;110
3106;110
3085;110
3075;110
3111;110
3126;110
3130;110
3142;110
3204;110
3208;110
3251;110
3292;110
3375;110
3397;110
3417;110
3470;110
3576;110
3602;110
3663;110
3721;110
3746;110
3899;110
3908;110
3857;110
4003;110
4115;110
4200;110
4301;110
4330;110
4376;110
4409;110
4415;110
4446;110
4457;110
4484;110
4492;110
4496;110
4550;110
4495;110
4514;110
4644;110
4720;110
4775;110
4777;110
4792;110
4985;110
5022;110
5074;110
64;133
226;133
988;133
1198;133
1228;133
1762;133
1868;133
2572;133
3202;133
3400;133
3554;133
3701;133
3803;133
4392;133
5208;133
853;116
821;116
892;116
921;116
1127;116
1382;116
1403;116
1486;116
1901;116
1977;116
2051;116
2205;116
2282;116
2290;116
2287;116
2445;116
2755;116
2824;116
2913;116
3053;116
3148;116
3375;116
3392;116
3510;116
3723;116
3857;116
4045;116
3984;116
4115;116
4170;116
4201;116
4301;116
4343;116
4415;116
4500;116
4501;116
4659;116
4777;116
35;128
45;128
41;128
50;128
66;128
108;128
137;128
215;128
222;128
223;128
249;128
321;128
341;128
390;128
634;128
671;128
790;128
792;128
812;128
917;128
1080;128
1141;128
1205;128
1288;128
1314;128
1331;128
1408;128
1600;128
1733;128
1841;128
1868;128
1446;128
2254;128
2279;128
2663;128
2657;128
2691;128
2733;128
2932;128
3174;128
3177;128
3193;128
3221;128
3201;128
3191;128
3264;128
3262;128
3268;128
3315;128
3403;128
3370;128
3409;128
3431;128
3465;128
3491;128
3604;128
3626;128
3632;128
3633;128
3803;128
3835;128
3838;128
3867;128
3946;128
4016;128
4144;128
4147;128
4207;128
4273;128
4289;128
4321;128
4346;128
4425;128
4525;128
4747;128
4778;128
4795;128
4807;128
4859;128
4856;128
4861;128
4873;128
4969;128
4782;128
5087;128
5202;128
5216;128
262;167
292;167
409;167
476;167
733;167
1082;167
1362;167
1510;167
1549;167
1682;167
1995;167
2105;167
2471;167
2587;167
2672;167
2781;167
2965;167
3029;167
3164;167
3311;167
3433;167
3441;167
3473;167
3476;167
3549;167
3728;167
4055;167
4011;167
4041;167
4117;167
4123;167
4127;167
4125;167
4128;167
4132;167
4134;167
4139;167
4158;167
4168;167
4244;167
4171;167
4271;167
4516;167
4545;167
4726;167
4994;167
5190;167
5199;167
5217;167
125;126
134;126
213;126
489;126
502;126
523;126
600;126
601;126
799;126
844;126
858;126
837;126
888;126
912;126
915;126
914;126
947;126
959;126
973;126
974;126
980;126
985;126
1053;126
1124;126
1230;126
1233;126
1316;126
1290;126
1339;126
1343;126
1422;126
1545;126
1566;126
1654;126
1688;126
1719;126
1739;126
2003;126
2007;126
2008;126
2128;126
2131;126
2183;126
2207;126
2227;126
2243;126
2286;126
2213;126
2374;126
2448;126
2449;126
2472;126
2539;126
2538;126
2697;126
2723;126
2728;126
2759;126
2827;126
2856;126
2865;126
2884;126
2855;126
2978;126
2991;126
3121;126
3062;126
3061;126
3101;126
3130;126
3171;126
3238;126
3257;126
3263;126
3280;126
3286;126
3298;126
3316;126
3537;126
3631;126
3671;126
3693;126
3765;126
3922;126
4202;126
4253;126
4340;126
4402;126
4403;126
4502;126
4611;126
4685;126
4693;126
4735;126
4764;126
4869;126
4934;126
4986;126
5052;126
5090;126
5092;126
5140;126
5231;126
45;137
51;137
66;137
68;137
120;137
226;137
297;137
525;137
712;137
724;137
747;137
769;137
782;137
858;137
870;137
873;137
907;137
936;137
945;137
1015;137
1126;137
1144;137
1198;137
1251;137
1263;137
1311;137
1462;137
1459;137
1537;137
1762;137
2018;137
2062;137
2194;137
2200;137
2294;137
2308;137
2835;137
3059;137
3191;137
3287;137
3438;137
3465;137
3575;137
3604;137
3741;137
3751;137
3701;137
3791;137
3803;137
3841;137
3862;137
3871;137
3873;137
3933;137
3937;137
3969;137
4114;137
4144;137
4172;137
4273;137
4309;137
4380;137
4458;137
4462;137
4467;137
4585;137
4610;137
4680;137
4715;137
4738;137
4779;137
4795;137
4796;137
4857;137
4910;137
5216;137
238;189
251;189
318;189
412;189
447;189
474;189
475;189
487;189
488;189
495;189
517;189
519;189
547;189
690;189
722;189
793;189
795;189
997;189
1354;189
1561;189
1697;189
2257;189
2320;189
2520;189
2817;189
2997;189
3002;189
3047;189
3863;189
3861;189
4241;189
4464;189
4678;189
4691;189
4715;189
4838;189
4956;189
4981;189
5031;189
5077;189
5110;189
5113;189
5220;189
5219;189
25;7
74;7
106;7
118;7
138;7
203;7
183;7
192;7
225;7
237;7
244;7
258;7
280;7
290;7
295;7
310;7
286;7
299;7
332;7
344;7
348;7
355;7
377;7
381;7
382;7
402;7
420;7
421;7
419;7
438;7
440;7
448;7
456;7
461;7
474;7
478;7
507;7
514;7
515;7
527;7
531;7
535;7
556;7
562;7
583;7
576;7
594;7
618;7
627;7
629;7
631;7
638;7
645;7
659;7
685;7
686;7
738;7
747;7
750;7
752;7
762;7
773;7
783;7
791;7
847;7
856;7
866;7
879;7
894;7
905;7
914;7
928;7
933;7
939;7
965;7
966;7
968;7
974;7
981;7
991;7
1001;7
1014;7
1023;7
1055;7
1070;7
1072;7
1105;7
1107;7
1111;7
1120;7
1121;7
1146;7
1154;7
1195;7
1206;7
1211;7
1232;7
1236;7
1262;7
1267;7
1315;7
1280;7
1342;7
1348;7
1350;7
1352;7
1366;7
1371;7
1374;7
1406;7
1422;7
1418;7
1436;7
1445;7
1461;7
1471;7
1480;7
1488;7
1490;7
1519;7
1524;7
1528;7
1536;7
1569;7
1585;7
1587;7
1601;7
1638;7
1655;7
1657;7
1706;7
1753;7
1758;7
1759;7
1800;7
1839;7
1850;7
1864;7
1879;7
1882;7
1889;7
1892;7
1894;7
1902;7
1906;7
1911;7
1916;7
1953;7
1958;7
1942;7
1969;7
2019;7
2052;7
2076;7
2087;7
2090;7
2091;7
2114;7
2125;7
2134;7
2135;7
2054;7
2120;7
2065;7
2047;7
2061;7
2147;7
2156;7
2165;7
2178;7
2189;7
2198;7
2219;7
2228;7
2229;7
2231;7
2247;7
2255;7
2258;7
2274;7
2286;7
2297;7
2313;7
2214;7
2249;7
2284;7
2291;7
2325;7
2340;7
2341;7
2343;7
2360;7
2370;7
2373;7
2386;7
2418;7
2427;7
2414;7
2448;7
2451;7
2469;7
2482;7
2487;7
2499;7
2513;7
2523;7
2529;7
2545;7
2549;7
2566;7
2570;7
2571;7
2587;7
2589;7
2592;7
2593;7
2607;7
2609;7
2656;7
2658;7
2660;7
2662;7
2676;7
2671;7
2689;7
2712;7
2720;7
2738;7
2740;7
2741;7
2744;7
2746;7
2779;7
2803;7
2896;7
2947;7
2904;7
2944;7
2955;7
2964;7
2973;7
2976;7
2980;7
2982;7
3008;7
3015;7
3010;7
3041;7
3054;7
3086;7
3058;7
3076;7
3108;7
3046;7
3045;7
3055;7
3081;7
3090;7
3094;7
3099;7
1011;7
3104;7
3109;7
3120;7
3152;7
3154;7
3158;7
3159;7
3166;7
3183;7
3188;7
3190;7
3235;7
3245;7
3259;7
3263;7
3265;7
3267;7
3269;7
3281;7
3288;7
3295;7
3297;7
3298;7
3314;7
3328;7
3338;7
3340;7
3363;7
3350;7
3358;7
3346;7
3423;7
3428;7
3456;7
3489;7
3495;7
3493;7
3511;7
3516;7
2752;7
3556;7
3561;7
3574;7
3578;7
3583;7
3587;7
3592;7
3599;7
3636;7
3637;7
3648;7
3655;7
3667;7
3671;7
3678;7
3686;7
3719;7
3725;7
3730;7
3748;7
3755;7
3769;7
3757;7
3759;7
3770;7
3787;7
3794;7
3797;7
3810;7
3819;7
3823;7
3828;7
3840;7
3843;7
3849;7
3883;7
3897;7
3907;7
3915;7
3923;7
3941;7
3858;7
3880;7
3892;7
3920;7
4029;7
4059;7
4069;7
4076;7
4077;7
3966;7
4003;7
4030;7
4037;7
4086;7
4089;7
4093;7
4103;7
4129;7
4130;7
4133;7
4148;7
4162;7
4177;7
4213;7
4250;7
4253;7
4189;7
4167;7
4183;7
4281;7
4261;7
4287;7
4299;7
4303;7
4304;7
4319;7
4323;7
4328;7
4333;7
4341;7
4345;7
4358;7
4362;7
4368;7
4377;7
4405;7
4419;7
4420;7
4431;7
4435;7
4437;7
4436;7
4456;7
4464;7
4481;7
4486;7
4511;7
4531;7
4541;7
4506;7
4560;7
3367;7
4638;7
4644;7
4657;7
4664;7
4670;7
4681;7
4683;7
4684;7
4688;7
4753;7
4781;7
4783;7
4808;7
4809;7
4830;7
4846;7
4851;7
4859;7
4860;7
4862;7
4863;7
4865;7
4869;7
4914;7
4915;7
4920;7
4927;7
4941;7
4942;7
4957;7
4968;7
5000;7
5041;7
5045;7
5047;7
4963;7
4980;7
4995;7
4997;7
5004;7
5027;7
5035;7
5040;7
5048;7
5052;7
5070;7
5071;7
5074;7
5088;7
5105;7
5111;7
5117;7
5116;7
5129;7
5147;7
5180;7
5191;7
5196;7
5202;7
5223;7
5222;7
5227;7
5229;7
389;183
495;183
364;183
833;183
1042;183
1920;183
2037;183
2063;183
2153;183
2164;183
2172;183
3294;183
3320;183
3591;183
3595;183
3629;183
3669;183
4389;183
4590;183
4662;183
4711;183
52;41
138;41
156;41
575;41
564;41
593;41
613;41
619;41
629;41
637;41
655;41
713;41
723;41
232;41
865;41
869;41
875;41
900;41
971;41
1092;41
1179;41
1292;41
1315;41
1337;41
1370;41
1399;41
1476;41
1498;41
1651;41
1679;41
1811;41
1831;41
1967;41
2122;41
2209;41
2212;41
2252;41
2296;41
2302;41
2285;41
2307;41
2321;41
2327;41
2346;41
2564;41
2567;41
2569;41
2708;41
2801;41
2939;41
2952;41
2990;41
2994;41
3040;41
3090;41
3116;41
3135;41
3163;41
3192;41
3419;41
3561;41
3606;41
3797;41
3850;41
3997;41
4008;41
4035;41
4326;41
4375;41
4568;41
4589;41
4605;41
4696;41
4804;41
4829;41
4947;41
4965;41
5194;41
5207;41
46;162
98;162
225;162
262;162
288;162
292;162
309;162
394;162
441;162
462;162
476;162
599;162
662;162
687;162
766;162
826;162
852;162
991;162
1024;162
1027;162
1074;162
1098;162
1111;162
1158;162
1345;162
1411;162
1400;162
1549;162
1563;162
1666;162
1875;162
1974;162
1978;162
1928;162
2066;162
2071;162
2148;162
2168;162
2224;162
2295;162
2422;162
2466;162
2518;162
2555;162
2594;162
2671;162
2787;162
2828;162
3012;162
3029;162
3218;162
3209;162
3297;162
3340;162
3441;162
3453;162
3487;162
3551;162
3641;162
3700;162
3705;162
3714;162
3737;162
3827;162
3932;162
4041;162
4055;162
4117;162
4123;162
4125;162
4128;162
4132;162
4134;162
4139;162
4171;162
4232;162
4256;162
4271;162
4443;162
4554;162
4545;162
4651;162
4690;162
4757;162
4783;162
4785;162
4886;162
5060;162
5190;162
5199;162
913;31
1909;31
2329;31
2895;31
3138;31
3444;31
3498;31
4192;31
4317;31
52;45
232;45
265;45
553;45
573;45
613;45
636;45
637;45
650;45
1651;45
1811;45
1899;45
1954;45
2046;45
2161;45
2312;45
2449;45
2858;45
3182;45
3433;45
3492;45
3505;45
3517;45
3617;45
4035;45
4008;45
4091;45
540;45
4947;45
17;54
156;54
443;54
442;54
636;54
849;54
874;54
943;54
970;54
1188;54
1252;54
1845;54
2371;54
2567;54
2784;54
2990;54
2994;54
3011;54
3039;54
3296;54
3483;54
3492;54
3517;54
3596;54
3598;54
3617;54
3842;54
4226;54
4470;54
4801;54
5021;54
3079;168
3351;168
5192;168
139;53
1228;53
1633;53
1957;53
2140;53
2611;53
2996;53
3011;53
3118;53
3850;53
4000;53
5054;53
71;69
130;69
187;69
188;69
343;69
351;69
369;69
411;69
468;69
490;69
521;69
529;69
533;69
542;69
548;69
556;69
588;69
633;69
718;69
730;69
749;69
797;69
800;69
801;69
825;69
815;69
882;69
903;69
955;69
998;69
1007;69
1011;69
1012;69
1032;69
1034;69
1038;69
1095;69
1109;69
1136;69
1138;69
1268;69
1292;69
1331;69
1512;69
1578;69
1612;69
1744;69
1761;69
1764;69
1855;69
1903;69
1918;69
1984;69
2095;69
2093;69
2143;69
2145;69
2261;69
2270;69
2297;69
2338;69
2376;69
2390;69
2481;69
2528;69
2548;69
2552;69
2560;69
2563;69
2585;69
2620;69
2634;69
2641;69
2653;69
2677;69
2724;69
2765;69
2836;69
2890;69
2938;69
2958;69
2985;69
3093;69
3109;69
3054;69
3070;69
3073;69
3133;69
3195;69
3230;69
3228;69
3567;69
2132;69
3621;69
3613;69
3684;69
3699;69
3760;69
3845;69
3852;69
3900;69
3939;69
3893;69
3860;69
4012;69
4034;69
4097;69
4131;69
4214;69
4260;69
4274;69
4317;69
4343;69
4437;69
4442;69
4625;69
4638;69
4670;69
4901;69
4918;69
4955;69
4962;69
5053;69
4982;69
5061;69
5091;69
5096;69
5163;69
5171;69
5195;69
127;169
261;169
273;169
294;169
323;169
395;169
607;169
642;169
663;169
1018;169
1032;169
1098;169
1145;169
1214;169
1367;169
1387;169
1653;169
1667;169
1838;169
1854;169
1893;169
2074;169
2126;169
2115;169
2248;169
2288;169
2316;169
2431;169
2612;169
2613;169
2670;169
2748;169
2881;169
3079;169
3136;169
3302;169
3303;169
3326;169
3347;169
3402;169
3322;169
3341;169
3475;169
3488;169
3511;169
3589;169
3638;169
3695;169
3807;169
3975;169
3978;169
3989;169
3999;169
4006;169
4013;169
4024;169
4073;169
4138;169
4155;169
4229;169
4297;169
4481;169
4613;169
4620;169
4643;169
4646;169
5122;169
2263;179
3274;179
3293;179
3864;179
4590;179
254;75
329;75
456;75
622;75
664;75
670;75
683;75
754;75
986;75
1009;75
1147;75
1170;75
1202;75
1289;75
1426;75
1479;75
1481;75
1500;75
1502;75
1523;75
1723;75
1844;75
1863;75
2006;75
2032;75
2072;75
2195;75
2328;75
2488;75
3113;75
3261;75
3299;75
3314;75
3385;75
3330;75
3442;75
3556;75
3620;75
4077;75
4348;75
4586;75
2867;75
4940;75
63;135
219;135
221;135
402;135
453;135
569;135
728;135
764;135
776;135
836;135
990;135
1030;135
1085;135
1298;135
1314;135
1372;135
1412;135
1393;135
1494;135
1543;135
1562;135
1687;135
1735;135
1739;135
1752;135
1792;135
1870;135
1881;135
1939;135
2128;135
2131;135
2188;135
2279;135
2349;135
2412;135
2504;135
2647;135
2657;135
2663;135
2661;135
2687;135
2782;135
2825;135
2877;135
2911;135
2922;135
2931;135
2936;135
2940;135
2843;135
2979;135
2989;135
3048;135
3124;135
3176;135
3193;135
3221;135
3234;135
3262;135
3264;135
3275;135
3315;135
3547;135
3563;135
3566;135
3575;135
3585;135
3610;135
3624;135
3775;135
3777;135
3818;135
3881;135
3901;135
3928;135
3931;135
3987;135
3862;135
4072;135
3996;135
4169;135
4197;135
4223;135
4224;135
4238;135
4263;135
4305;135
4340;135
4392;135
4418;135
4433;135
4444;135
4493;135
4503;135
4579;135
4581;135
4688;135
4701;135
4706;135
4707;135
4735;135
4737;135
4738;135
4760;135
4782;135
4873;135
4969;135
4967;135
5106;135
5189;135
5209;135
5231;135
135;175
230;175
439;175
1413;175
1653;175
1667;175
1683;175
1854;175
1888;175
2080;175
2392;175
3112;175
4006;175
4592;175
21;79
91;79
413;79
469;79
483;79
678;79
683;79
777;79
1117;79
1175;79
1351;79
1405;79
1424;79
1433;79
1502;79
1746;79
2006;79
2116;79
2054;79
2159;79
2210;79
2300;79
2328;79
2381;79
2479;79
2591;79
2665;79
2666;79
2761;79
2864;79
3105;79
3081;79
3385;79
3443;79
3477;79
3630;79
3656;79
3664;79
3683;79
3921;79
3954;79
4175;79
4619;79
4803;79
4811;79
4821;79
4968;79
22;19
99;19
154;19
158;19
199;19
203;19
196;19
212;19
227;19
255;19
266;19
270;19
280;19
334;19
380;19
388;19
407;19
431;19
432;19
469;19
478;19
480;19
491;19
514;19
518;19
522;19
535;19
561;19
580;19
591;19
590;19
658;19
661;19
662;19
666;19
692;19
727;19
750;19
766;19
772;19
781;19
826;19
854;19
828;19
850;19
894;19
929;19
955;19
986;19
1016;19
1036;19
1107;19
1143;19
1162;19
1189;19
1207;19
1366;19
1380;19
1425;19
1429;19
1407;19
1466;19
1501;19
1508;19
1536;19
1585;19
1714;19
1727;19
1730;19
1747;19
1790;19
1826;19
1856;19
1867;19
1885;19
1906;19
1908;19
1956;19
1960;19
1973;19
2000;19
2014;19
2075;19
2123;19
2174;19
2214;19
2269;19
2318;19
2327;19
2333;19
2420;19
2423;19
2442;19
2441;19
2461;19
2469;19
2487;19
2509;19
2541;19
2545;19
2581;19
2589;19
2591;19
2593;19
2646;19
2683;19
2697;19
2706;19
2750;19
2767;19
2771;19
2779;19
2793;19
2968;19
2970;19
3015;19
3054;19
3096;19
3074;19
3137;19
3232;19
3241;19
3274;19
3304;19
3334;19
3460;19
3481;19
3495;19
3497;19
3650;19
3686;19
3756;19
3847;19
3879;19
3888;19
3945;19
3897;19
3995;19
4043;19
3982;19
4021;19
4033;19
4069;19
4079;19
4082;19
4081;19
4085;19
4136;19
4180;19
4203;19
4245;19
4281;19
4292;19
4308;19
4330;19
4350;19
4401;19
4414;19
4449;19
4476;19
4478;19
4487;19
4517;19
4531;19
4524;19
4560;19
4596;19
4621;19
4683;19
4730;19
4741;19
4773;19
4783;19
4789;19
4808;19
4814;19
4865;19
4868;19
4872;19
4907;19
4941;19
5035;19
5041;19
5045;19
4963;19
5001;19
5072;19
5196;19
5224;19
191;180
195;180
276;180
445;180
364;180
895;180
1028;180
1375;180
2225;180
2356;180
2800;180
3320;180
3450;180
3626;180
3637;180
3670;180
3876;180
4046;180
4534;180
5082;180
21;77
160;77
233;77
236;77
346;77
388;77
413;77
416;77
417;77
437;77
442;77
443;77
457;77
483;77
707;77
678;77
777;77
878;77
880;77
981;77
1388;77
1389;77
1397;77
1424;77
1444;77
1446;77
1455;77
1469;77
1473;77
1478;77
1513;77
1521;77
1560;77
1587;77
1607;77
1709;77
1711;77
1712;77
1714;77
1716;77
1717;77
1746;77
1796;77
1807;77
1788;77
2092;77
2130;77
2100;77
2074;77
2136;77
2259;77
2240;77
2300;77
2377;77
2389;77
2404;77
2422;77
2432;77
2433;77
2434;77
2437;77
2450;77
2473;77
2477;77
2478;77
2480;77
2489;77
2500;77
2507;77
2534;77
2575;77
2578;77
2610;77
2638;77
2665;77
2666;77
2629;77
2695;77
2725;77
2736;77
2816;77
2818;77
2822;77
2826;77
2829;77
2830;77
2834;77
2838;77
2844;77
2847;77
2849;77
2880;77
2885;77
2886;77
2921;77
2861;77
2863;77
2892;77
2971;77
2993;77
3164;77
3172;77
3178;77
3184;77
3217;77
3371;77
3372;77
3384;77
3393;77
3443;77
3477;77
3512;77
3630;77
3651;77
3654;77
3683;77
3710;77
3764;77
3859;77
3858;77
3877;77
3961;77
3963;77
3952;77
3954;77
3962;77
3985;77
4187;77
4240;77
4143;77
4357;77
4363;77
4532;77
4542;77
4603;77
4604;77
4609;77
4619;77
4936;77
4993;77
5006;77
5161;77
5200;77
5203;77
5206;77
250;188
418;188
447;188
487;188
488;188
547;188
767;188
779;188
793;188
997;188
1006;188
1066;188
1499;188
1737;188
2158;188
2226;188
2370;188
2817;188
3199;188
4042;188
4662;188
5015;188
5023;188
5067;188
5080;188
5113;188
13;88
1433;88
2268;88
2272;88
2487;88
3531;88
3625;88
3676;88
3700;88
125;119
148;119
278;119
354;119
600;119
665;119
789;119
844;119
863;119
888;119
915;119
959;119
1230;119
1357;119
1423;119
1442;119
1639;119
1654;119
1674;119
1809;119
1885;119
2003;119
2007;119
2008;119
2151;119
2235;119
2243;119
2273;119
2324;119
2357;119
2373;119
2374;119
2579;119
2723;119
2728;119
2757;119
2774;119
2825;119
2827;119
2856;119
2879;119
2911;119
2857;119
2991;119
3051;119
3097;119
3121;119
3171;119
3495;119
2811;119
3753;119
3782;119
3922;119
4494;119
4508;119
4647;119
4672;119
4685;119
4704;119
4745;119
4760;119
4764;119
4765;119
4770;119
4986;119
5046;119
5068;119
5157;119
256;190
412;190
501;190
2997;190
3905;190
4956;190
5173;190
320;78
335;78
678;78
688;78
940;78
1115;78
1123;78
1237;78
1238;78
1239;78
1240;78
1348;78
1788;78
2070;78
2106;78
2605;78
2649;78
2648;78
2690;78
2885;78
3710;78
3985;78
4475;78
257;76
263;76
310;76
329;76
347;76
386;76
451;76
483;76
512;76
586;76
596;76
664;76
688;76
706;76
744;76
759;76
760;76
777;76
862;76
1009;76
1046;76
1123;76
1147;76
1196;76
1396;76
1426;76
1479;76
1481;76
1500;76
1624;76
1746;76
1844;76
2032;76
2072;76
2177;76
2394;76
2546;76
2584;76
2864;76
2874;76
3113;76
3147;76
3232;76
3299;76
3330;76
3361;76
3536;76
3620;76
3664;76
3786;76
3883;76
3985;76
4348;76
4357;76
4386;76
4441;76
5027;76
5078;76
1148;89
2603;89
2791;89
2795;89
2906;89
3868;89
3950;89
4108;89
4170;89
207;159
264;159
441;159
476;159
733;159
852;159
1345;159
1362;159
1510;159
1974;159
2105;159
2436;159
2518;159
2672;159
2787;159
2965;159
3029;159
3109;159
3311;159
3551;159
3827;159
3965;159
3980;159
4545;159
4651;159
516;57
520;57
555;57
595;57
610;57
608;57
611;57
653;57
703;57
964;57
1120;57
1201;57
1755;57
1793;57
1857;57
1921;57
2196;57
2470;57
3087;57
3069;57
3898;57
4713;57
4722;57
4884;57
5009;57
5084;57
5100;57
5128;57
5136;57
5141;57
5198;57
26;71
72;71
92;71
151;71
160;71
193;71
217;71
257;71
295;71
347;71
413;71
432;71
451;71
461;71
463;71
478;71
491;71
492;71
509;71
512;71
522;71
527;71
588;71
659;71
673;71
681;71
688;71
707;71
695;71
706;71
753;71
827;71
856;71
861;71
862;71
851;71
866;71
949;71
1001;71
1004;71
1005;71
1009;71
1046;71
1047;71
1065;71
1071;71
1121;71
1123;71
1162;71
1175;71
1187;71
1191;71
1196;71
1202;71
1219;71
1232;71
1246;71
1289;71
1278;71
1325;71
1342;71
1351;71
1366;71
1373;71
1381;71
1386;71
1388;71
1396;71
1428;71
1429;71
1426;71
1432;71
1441;71
1469;71
1480;71
1523;71
1546;71
1563;71
1569;71
1587;71
1624;71
1683;71
1699;71
1711;71
1723;71
1751;71
1764;71
1774;71
1773;71
1787;71
1790;71
1827;71
1846;71
1865;71
1900;71
2046;71
2080;71
2106;71
2116;71
2127;71
2138;71
2117;71
2159;71
2174;71
2206;71
2214;71
2234;71
2275;71
2319;71
2370;71
2381;71
2395;71
2394;71
2428;71
2453;71
2464;71
2469;71
2479;71
2496;71
2562;71
2584;71
2589;71
2644;71
2676;71
2624;71
2656;71
2679;71
2725;71
2736;71
2761;71
2799;71
2819;71
2864;71
2896;71
2969;71
3000;71
3099;71
3113;71
3147;71
3172;71
3208;71
3232;71
3245;71
3261;71
3270;71
3274;71
3281;71
3314;71
3356;71
3366;71
3381;71
3385;71
3392;71
3482;71
3512;71
3587;71
3620;71
3599;71
3601;71
3605;71
3612;71
3647;71
3654;71
3673;71
3685;71
3689;71
3710;71
3736;71
3749;71
3730;71
3770;71
3788;71
3834;71
3845;71
3879;71
3889;71
3892;71
3902;71
3916;71
3938;71
3945;71
3949;71
3847;71
3794;71
4038;71
3907;71
4010;71
4021;71
4069;71
4081;71
4098;71
3897;71
4116;71
4175;71
4280;71
4292;71
4330;71
4339;71
4342;71
4345;71
4348;71
4357;71
4363;71
4428;71
4446;71
4455;71
4475;71
4542;71
4536;71
4586;71
4598;71
4614;71
4619;71
4664;71
4679;71
4706;71
4761;71
4812;71
4851;71
4885;71
4919;71
4925;71
4934;71
4936;71
4940;71
4942;71
4941;71
4977;71
4993;71
4997;71
5001;71
5004;71
5020;71
5061;71
5097;71
5105;71
5107;71
5137;71
5163;71
5173;71
5178;71
5224;71
5230;71
9;115
11;115
16;115
19;115
28;115
29;115
40;115
47;115
73;115
89;115
43;115
109;115
277;115
389;115
422;115
434;115
446;115
646;115
651;115
732;115
824;115
846;115
908;115
1071;115
1084;115
1133;115
1180;115
1181;115
1185;115
1186;115
1326;115
1336;115
1403;115
1606;115
1622;115
1721;115
1741;115
1754;115
1765;115
1771;115
1781;115
1795;115
1815;115
1852;115
1853;115
1860;115
1929;115
1935;115
1952;115
1959;115
1961;115
1977;115
1920;115
1968;115
2005;115
2021;115
2022;115
2027;115
2029;115
2036;115
2039;115
2040;115
2041;115
2049;115
2050;115
2053;115
2061;115
2108;115
2033;115
2034;115
2042;115
2045;115
2112;115
2150;115
2162;115
2142;115
2151;115
2181;115
2185;115
2319;115
2341;115
2406;115
2486;115
2490;115
2574;115
2614;115
2700;115
2730;115
2901;115
2983;115
3085;115
3126;115
3142;115
3145;115
3146;115
3157;115
3160;115
3253;115
3292;115
3603;115
3772;115
3773;115
3778;115
3779;115
3790;115
3793;115
3806;115
3820;115
3821;115
3857;115
3870;115
3923;115
3951;115
3967;115
3973;115
4005;115
4056;115
3958;115
3964;115
3972;115
3990;115
4071;115
3957;115
3959;115
3968;115
3970;115
3974;115
3976;115
3983;115
3984;115
3986;115
3988;115
3992;115
3993;115
3994;115
4004;115
4067;115
4103;115
4136;115
4148;115
4154;115
4176;115
4222;115
4236;115
4198;115
4210;115
4246;115
4279;115
4286;115
4332;115
4359;115
4064;115
4365;115
4366;115
4367;115
4369;115
4371;115
4372;115
4373;115
4374;115
4376;115
4379;115
4381;115
4382;115
4383;115
4388;115
4395;115
4397;115
4409;115
4448;115
4452;115
4483;115
4490;115
4542;115
4544;115
4546;115
4549;115
4553;115
4555;115
4557;115
4496;115
4514;115
4543;115
4548;115
4550;115
4551;115
4559;115
4562;115
4563;115
4565;115
4567;115
4570;115
4572;115
4575;115
4576;115
4580;115
4614;115
4647;115
2867;115
4758;115
4775;115
4985;115
5022;115
5070;115
5202;115
30;91
62;91
72;91
171;91
181;91
190;91
199;91
198;91
312;91
524;91
534;91
716;91
906;91
1042;91
1101;91
1108;91
1117;91
1175;91
1203;91
1220;91
1290;91
1320;91
1322;91
1332;91
1336;91
1378;91
1449;91
1487;91
1502;91
1601;91
1617;91
1694;91
1836;91
1878;91
1900;91
1911;91
1970;91
1997;91
2119;91
2178;91
2187;91
1446;91
2255;91
2364;91
2466;91
2494;91
2521;91
2526;91
2581;91
2591;91
2596;91
2630;91
2635;91
2667;91
2674;91
2639;91
2704;91
2718;91
2767;91
2771;91
2798;91
2859;91
2934;91
2983;91
3018;91
3081;91
3078;91
3152;91
3283;91
3334;91
3397;91
3391;91
3453;91
3462;91
3463;91
3593;91
3590;91
3589;91
3601;91
3622;91
3660;91
3707;91
3726;91
3855;91
3940;91
3794;91
3899;91
4044;91
3950;91
3977;91
4020;91
4098;91
4102;91
4138;91
4145;91
4151;91
4185;91
4193;91
4213;91
4254;91
4666;91
4758;91
4788;91
4812;91
4882;91
4911;91
4916;91
4938;91
4446;91
5097;91
5169;91
327;105
465;105
799;105
841;105
807;105
810;105
809;105
876;105
1535;105
1869;105
1884;105
1938;105
2189;105
2283;105
2357;105
2459;105
2526;105
2568;105
2614;105
2813;105
2912;105
2924;105
2964;105
2984;105
3067;105
3181;105
3514;105
3546;105
2739;105
3652;105
3736;105
3752;105
3704;105
3709;105
3829;105
3946;105
3872;105
3964;105
4206;105
4251;105
4719;105
4895;105
4948;105
4949;105
5032;105
4976;105
5176;105
5183;105
1638;104
1688;104
1760;104
2702;104
2806;104
2812;104
3337;104
3520;104
3611;104
203;9
291;9
284;9
306;9
348;9
376;9
405;9
420;9
421;9
438;9
461;9
545;9
566;9
616;9
636;9
675;9
738;9
772;9
787;9
789;9
816;9
847;9
870;9
887;9
928;9
998;9
1005;9
1010;9
1014;9
1016;9
1075;9
1193;9
1233;9
1262;9
1339;9
1342;9
1350;9
1359;9
1360;9
1371;9
1418;9
1428;9
1461;9
1463;9
1503;9
1623;9
1706;9
1758;9
1768;9
1769;9
1800;9
1828;9
1829;9
1864;9
1908;9
1953;9
1984;9
1999;9
2048;9
2103;9
2125;9
2134;9
2065;9
2126;9
2109;9
2227;9
2271;9
2309;9
2318;9
2343;9
2427;9
2435;9
2452;9
2482;9
2521;9
2539;9
2538;9
2570;9
2593;9
2682;9
2715;9
2854;9
2865;9
2904;9
2920;9
2974;9
3058;9
3066;9
3129;9
3158;9
3181;9
3195;9
3241;9
3263;9
3295;9
3304;9
3328;9
3407;9
344;9
3340;9
3501;9
3521;9
3559;9
3573;9
3592;9
3647;9
3648;9
3654;9
3657;9
3658;9
3661;9
3668;9
3678;9
3757;9
3766;9
3784;9
3787;9
3804;9
3823;9
3851;9
3864;9
3880;9
3938;9
3942;9
4033;9
4080;9
3981;9
4074;9
4086;9
4098;9
4103;9
4167;9
4183;9
4227;9
4235;9
4281;9
4292;9
4323;9
4326;9
4362;9
4390;9
4404;9
4473;9
4479;9
4612;9
4623;9
4644;9
4781;9
4798;9
4811;9
4819;9
4888;9
4915;9
4919;9
4934;9
4957;9
5004;9
5011;9
5041;9
5047;9
5051;9
4980;9
5000;9
5062;9
5071;9
5073;9
5086;9
5092;9
5104;9
5143;9
5164;9
5180;9
5208;9
5227;9
109;56
179;56
403;56
520;56
595;56
608;56
610;56
611;56
654;56
703;56
845;56
849;56
874;56
952;56
970;56
1201;56
1317;56
1413;56
1457;56
1594;56
1793;56
1857;56
1957;56
2133;56
2196;56
2253;56
2371;56
2408;56
2429;56
2454;56
2470;56
2727;56
2764;56
2784;56
2875;56
3069;56
3027;56
3087;56
3126;56
3474;56
3605;56
3842;56
3898;56
3936;56
4047;56
4066;56
4270;56
4389;56
4416;56
4713;56
4722;56
5028;56
4964;56
4972;56
5009;56
5082;56
5084;56
5100;56
5127;56
5128;56
5132;56
5136;56
5139;56
5198;56
187;65
188;65
351;65
542;65
548;65
556;65
633;65
652;65
882;65
1034;65
1118;65
1138;65
1254;65
1392;65
1415;65
1511;65
1744;65
1849;65
1899;65
1903;65
2015;65
2270;65
2278;65
2481;65
2548;65
2552;65
2585;65
2620;65
2765;65
2836;65
3073;65
3843;65
4012;65
4180;65
4208;65
5053;65
5096;65
1244;122
1357;122
1618;122
1664;122
2790;122
248;195
251;195
253;195
256;195
318;195
350;195
372;195
412;195
418;195
475;195
477;195
482;195
495;195
501;195
519;195
547;195
649;195
663;195
722;195
767;195
774;195
793;195
795;195
932;195
1006;195
1066;195
1116;195
1153;195
1194;195
1354;195
1506;195
1507;195
1561;195
1574;195
1593;195
1697;195
1718;195
1727;195
2158;195
2193;195
2226;195
2263;195
2336;195
2520;195
3021;195
3030;195
3019;195
3182;195
3199;195
3198;195
3260;195
3303;195
3322;195
3323;195
3475;195
3487;195
3488;195
3510;195
3552;195
3913;195
4156;195
4241;195
4163;195
4231;195
4285;195
4344;195
4404;195
4721;195
4805;195
4956;195
5030;195
4974;195
4981;195
5014;195
5015;195
5023;195
5029;195
5033;195
5067;195
5077;195
5080;195
5108;195
5142;195
5146;195
5197;195
87;154
96;154
165;154
182;154
206;154
302;154
701;154
717;154
919;154
942;154
960;154
989;154
1293;154
1297;154
1824;154
1991;154
2031;154
2089;154
2203;154
2237;154
2524;154
2643;154
2912;154
3186;154
3189;154
3416;154
3446;154
3455;154
3532;154
3715;154
3876;154
4141;154
4346;154
4461;154
4594;154
4656;154
4837;154
4854;154
4902;154
4903;154
5086;154
5133;154
5212;154
5232;154
1834;87
868;87
2028;87
2197;87
2820;87
2876;87
2879;87
3107;87
3325;87
3327;87
4190;87
4194;87
4204;87
4199;87
4338;87
4347;87
4386;87
4394;87
4410;87
4430;87
4459;87
4471;87
4499;87
4537;87
4521;87
4599;87
4602;87
4629;87
4630;87
4632;87
4658;87
4687;87
4695;87
4697;87
4700;87
4703;87
4705;87
4712;87
4733;87
4742;87
4746;87
4748;87
4749;87
4751;87
4762;87
4766;87
4769;87
4824;87
5039;87
5003;87
5007;87
5179;87
72;74
102;74
451;74
695;74
759;74
760;74
949;74
1004;74
1187;74
1246;74
1386;74
1716;74
1827;74
2170;74
2453;74
2496;74
2652;74
2875;74
2969;74
3361;74
4116;74
4236;74
4240;74
4339;74
4475;74
4927;74
4977;74
5002;74
5178;74
247;191
359;191
372;191
445;191
549;191
649;191
694;191
1438;191
1447;191
1460;191
1574;191
1718;191
2317;191
2949;191
3002;191
3007;191
3013;191
3017;191
3026;191
3049;191
3267;191
3318;191
3323;191
3487;191
2842;191
3771;191
4285;191
4333;191
4414;191
4678;191
4721;191
4805;191
4834;191
5029;191
5030;191
5033;191
5014;191
5076;191
5214;191
145;38
162;38
316;38
521;38
562;38
585;38
568;38
578;38
583;38
593;38
606;38
612;38
617;38
640;38
641;38
650;38
676;38
704;38
710;38
734;38
752;38
818;38
815;38
880;38
926;38
939;38
946;38
950;38
998;38
999;38
1027;38
1028;38
1038;38
1061;38
1097;38
1171;38
1241;38
1264;38
1276;38
1309;38
1373;38
1445;38
1552;38
1661;38
1649;38
1669;38
1677;38
1692;38
1756;38
1780;38
1791;38
1812;38
1873;38
1890;38
1904;38
1916;38
1919;38
1966;38
1979;38
1988;38
2000;38
2012;38
2015;38
2075;38
2114;38
2137;38
2171;38
2204;38
2212;38
2292;38
2307;38
2351;38
2369;38
2392;38
2424;38
2425;38
2444;38
2396;38
2421;38
2442;38
2484;38
2497;38
2513;38
2517;38
2537;38
2540;38
2552;38
2554;38
2577;38
2586;38
2620;38
2628;38
2646;38
2682;38
2765;38
2773;38
2832;38
2958;38
2963;38
2967;38
2968;38
3010;38
3058;38
3031;38
3138;38
3080;38
3167;38
3203;38
3214;38
3225;38
3240;38
3279;38
3319;38
3374;38
3421;38
3450;38
3496;38
3528;38
3594;38
3653;38
3754;38
3761;38
3788;38
3887;38
3865;38
3997;38
4131;38
4227;38
4255;38
4179;38
4264;38
4335;38
4352;38
4398;38
4518;38
4528;38
4530;38
4595;38
4601;38
4639;38
4642;38
4654;38
2867;38
4711;38
4731;38
4752;38
4754;38
4772;38
4826;38
4828;38
4866;38
4880;38
4888;38
4931;38
5024;38
5047;38
5091;38
5107;38
5144;38
5150;38
5155;38
44;84
672;84
719;84
1405;84
1830;84
1834;84
868;84
2028;84
2153;84
2170;84
2197;84
2603;84
2704;84
2820;84
2876;84
2883;84
2906;84
3107;84
4010;84
4087;84
4121;84
4181;84
4190;84
4204;84
4194;84
4338;84
4347;84
4394;84
4410;84
4430;84
4459;84
4471;84
4499;84
4536;84
4599;84
4602;84
4629;84
4630;84
4632;84
4658;84
4687;84
4695;84
4697;84
4700;84
4703;84
4705;84
4733;84
4742;84
4746;84
4748;84
4749;84
4751;84
4762;84
4766;84
4769;84
4824;84
5003;84
5007;84
5039;84
5099;84
5179;84
450;51
555;51
558;51
570;51
603;51
685;51
751;51
756;51
943;51
970;51
1007;51
1401;51
1491;51
1749;51
1992;51
2133;51
2139;51
2196;51
2408;51
2465;51
2533;51
2609;51
2766;51
2938;51
2994;51
3031;51
3118;51
3296;51
3401;51
3373;51
3425;51
3483;51
3597;51
4226;51
4337;51
4519;51
4539;51
5117;51
5192;51
398;102
465;102
820;102
841;102
807;102
810;102
876;102
906;102
928;102
1077;102
1133;102
1378;102
1390;102
1475;102
1505;102
1520;102
1535;102
1751;102
1760;102
1819;102
1869;102
1884;102
1900;102
2058;102
2076;102
2082;102
2144;102
2189;102
2265;102
2283;102
2290;102
2391;102
2397;102
2432;102
2462;102
2526;102
2566;102
2568;102
2622;102
2684;102
2683;102
2702;102
2718;102
2727;102
2729;102
2792;102
2797;102
2806;102
2809;102
2813;102
2924;102
2935;102
2933;102
2934;102
2978;102
2986;102
3067;102
3129;102
3140;102
3148;102
3152;102
3270;102
3317;102
3381;102
3482;102
3514;102
3525;102
3546;102
3573;102
3603;102
3631;102
3646;102
3652;102
3723;102
3729;102
3752;102
3756;102
3704;102
3811;102
3826;102
3829;102
3923;102
3855;102
3872;102
3946;102
4040;102
4059;102
4063;102
4080;102
4086;102
4206;102
4182;102
4264;102
4370;102
4420;102
4607;102
4608;102
4636;102
4669;102
4690;102
4719;102
4800;102
4812;102
4874;102
4892;102
4895;102
4948;102
4949;102
4950;102
5055;102
4976;102
5032;102
5042;102
5107;102
5183;102
13;5
22;5
80;5
118;5
154;5
172;5
183;5
192;5
217;5
258;5
278;5
281;5
291;5
293;5
286;5
299;5
319;5
332;5
342;5
352;5
355;5
369;5
376;5
380;5
387;5
400;5
407;5
421;5
427;5
438;5
450;5
460;5
480;5
497;5
513;5
524;5
530;5
535;5
533;5
565;5
576;5
601;5
612;5
617;5
645;5
658;5
659;5
666;5
671;5
675;5
685;5
686;5
734;5
749;5
751;5
773;5
781;5
791;5
804;5
827;5
838;5
870;5
878;5
905;5
910;5
918;5
933;5
947;5
951;5
966;5
974;5
975;5
991;5
1069;5
1071;5
1074;5
1078;5
1094;5
1108;5
1111;5
1158;5
1187;5
1191;5
1195;5
1202;5
1193;5
1206;5
1207;5
1213;5
1222;5
1267;5
1280;5
1352;5
1358;5
1371;5
1384;5
1387;5
1388;5
1406;5
1423;5
1463;5
1480;5
1481;5
1500;5
1501;5
1536;5
1524;5
1540;5
1544;5
1558;5
1569;5
1655;5
1657;5
1666;5
1692;5
1733;5
1740;5
1753;5
1758;5
1759;5
1763;5
1780;5
1785;5
1797;5
1798;5
1801;5
1828;5
1829;5
1863;5
1864;5
1881;5
1917;5
1934;5
1940;5
1951;5
1986;5
1994;5
2010;5
2062;5
2071;5
2117;5
2120;5
2125;5
2126;5
2052;5
2080;5
2154;5
2160;5
2168;5
2174;5
2175;5
2177;5
2206;5
2219;5
2228;5
2231;5
2249;5
2255;5
2263;5
2309;5
2223;5
2293;5
2289;5
2316;5
2330;5
2348;5
2360;5
2386;5
2423;5
2446;5
2461;5
2467;5
2476;5
2479;5
2509;5
2516;5
2523;5
2557;5
2561;5
2581;5
2594;5
2604;5
2607;5
2609;5
2619;5
2629;5
2662;5
2664;5
2676;5
2691;5
2699;5
2701;5
2715;5
2810;5
2821;5
2874;5
2891;5
2934;5
2939;5
2947;5
2889;5
2919;5
2955;5
2970;5
2974;5
2980;5
2988;5
3005;5
3015;5
3038;5
3076;5
3097;5
3080;5
3035;5
3036;5
3043;5
3052;5
3106;5
3110;5
3130;5
3149;5
3151;5
3198;5
3205;5
3191;5
3203;5
3241;5
3250;5
3257;5
3281;5
3294;5
3310;5
3328;5
3332;5
3345;5
3374;5
3380;5
3405;5
3407;5
3333;5
3409;5
3445;5
3457;5
3485;5
3521;5
3525;5
3528;5
3533;5
3587;5
3592;5
3623;5
3637;5
3644;5
3646;5
3655;5
3660;5
3696;5
3721;5
3746;5
3705;5
3783;5
3784;5
3787;5
3797;5
3804;5
3807;5
3834;5
3880;5
3892;5
3895;5
3916;5
3932;5
3948;5
4080;5
3960;5
3989;5
4007;5
4015;5
4021;5
4030;5
4038;5
4051;5
4065;5
4081;5
4084;5
4092;5
4095;5
4099;5
4104;5
4111;5
4113;5
4118;5
4148;5
4160;5
4162;5
4179;5
4180;5
4213;5
4235;5
4236;5
4251;5
4185;5
4182;5
4287;5
4288;5
4299;5
4303;5
4304;5
4328;5
4350;5
4362;5
4363;5
4377;5
4390;5
4431;5
4478;5
4504;5
4506;5
4512;5
4541;5
4508;5
4517;5
4560;5
3367;5
4598;5
4616;5
4623;5
4639;5
4633;5
4663;5
4664;5
4679;5
4706;5
4745;5
4789;5
4800;5
4830;5
4846;5
4868;5
4872;5
4885;5
4910;5
5020;5
4963;5
5022;5
5035;5
5040;5
5060;5
5074;5
5078;5
5088;5
5104;5
5131;5
5137;5
5142;5
5163;5
5188;5
5224;5
25;94
30;94
272;94
534;94
646;94
1042;94
1047;94
1320;94
1449;94
1519;94
1712;94
1836;94
1911;94
1970;94
1997;94
2119;94
2059;94
2157;94
2187;94
2264;94
2267;94
2364;94
2466;94
2635;94
2639;94
2667;94
2678;94
2718;94
2798;94
2859;94
2986;94
3100;94
3618;94
3622;94
3950;94
3899;94
4050;94
3995;94
3977;94
4102;94
4145;94
4151;94
4157;94
4189;94
4300;94
4771;94
4916;94
4938;94
4953;94
49;64
159;64
173;64
322;64
468;64
533;64
548;64
652;64
718;64
801;64
897;64
1048;64
1136;64
1138;64
1176;64
1365;64
1578;64
1612;64
1713;64
1776;64
1892;64
1903;64
1922;64
2093;64
2095;64
2143;64
2184;64
2276;64
2376;64
2390;64
2455;64
2528;64
2541;64
2641;64
2653;64
3038;64
3134;64
3799;64
3836;64
3860;64
3918;64
4037;64
4400;64
4463;64
4653;64
4655;64
4935;64
4944;64
4945;64
5168;64
32;139
42;139
58;139
70;139
97;139
95;139
101;139
122;139
150;139
167;139
227;139
270;139
297;139
338;139
382;139
414;139
504;139
505;139
660;139
881;139
918;139
947;139
961;139
963;139
976;139
996;139
1002;139
1020;139
1060;139
1073;139
1086;139
1260;139
1293;139
1330;139
1377;139
1384;139
1392;139
1559;139
1576;139
1698;139
1799;139
1802;139
1895;139
1905;139
1958;139
2064;139
2110;139
2098;139
2175;139
2190;139
2322;139
2403;139
2419;139
2438;139
2529;139
2594;139
2616;139
2693;139
2764;139
2837;139
2835;139
3057;139
3071;139
3095;139
3131;139
3156;139
3161;139
3227;139
3216;139
3464;139
3499;139
3504;139
3502;139
3506;139
3607;139
3591;139
3642;139
3733;139
3771;139
3844;139
4043;139
4000;139
4031;139
4084;139
4184;139
4283;139
4291;139
4296;139
4320;139
4364;139
4441;139
4533;139
4717;139
4739;139
4810;139
4903;139
5064;139
5152;139
5204;139
5211;139
5221;139
87;149
90;149
147;149
246;149
540;149
757;149
840;149
942;149
1002;149
1291;149
1341;149
1400;149
1553;149
1782;149
1910;149
1991;149
2089;149
2233;149
2503;149
2619;149
2694;149
3186;149
3189;149
3190;149
3290;149
3416;149
3408;149
3446;149
3513;149
3540;149
3605;149
3680;149
3876;149
4313;149
4636;149
4702;149
4759;149
4840;149
4854;149
4871;149
4896;149
4913;149
4924;149
4928;149
4954;149
5012;149
5017;149
5044;149
5101;149
5130;149
39;30
327;30
515;30
538;30
546;30
559;30
565;30
825;30
984;30
985;30
1013;30
1072;30
1128;30
1130;30
1190;30
1285;30
1343;30
1347;30
1393;30
1563;30
1688;30
1766;30
1803;30
1814;30
1937;30
2001;30
2103;30
2109;30
2323;30
2435;30
2443;30
2451;30
2458;30
2457;30
2547;30
2654;30
2714;30
2802;30
3041;30
3120;30
3089;30
3631;30
3712;30
3809;30
3854;30
4026;30
3979;30
3981;30
4046;30
4221;30
4408;30
4473;30
4515;30
4588;30
4611;30
4663;30
4732;30
4798;30
4853;30
4855;30
5034;30
5036;30
5038;30
5081;30
178;72
263;72
257;72
282;72
386;72
463;72
664;72
670;72
681;72
695;72
707;72
753;72
851;72
856;72
883;72
899;72
898;72
1004;72
1046;72
1114;72
1147;72
1162;72
1170;72
1189;72
1191;72
1196;72
1206;72
1246;72
1286;72
1289;72
1325;72
1349;72
1396;72
1417;72
1432;72
1469;72
1546;72
1624;72
1798;72
1827;72
1788;72
1839;72
2114;72
2116;72
2159;72
2210;72
2290;72
2304;72
2289;72
2381;72
2395;72
2428;72
2463;72
2475;72
2496;72
2584;72
2665;72
2666;72
2674;72
2704;72
2734;72
2761;72
2769;72
2964;72
2984;72
3045;72
3096;72
3131;72
3147;72
3208;72
3245;72
3261;72
3287;72
3361;72
3366;72
3336;72
3338;72
3339;72
3443;72
3466;72
3512;72
3516;72
2752;72
3626;72
3630;72
3632;72
3650;72
3656;72
3685;72
3689;72
3749;72
3736;72
3902;72
3956;72
4095;72
4175;72
4240;72
4288;72
4339;72
4342;72
4370;72
4741;72
4821;72
4851;72
4885;72
4919;72
4936;72
4940;72
4993;72
5000;72
5002;72
5020;72
5027;72
5097;72
5178;72
