project_A_id,project_B_id,overlap_score,overlap_class
132,149,0.013157894736842105,high
132,129,0.05090909090909091,high
132,137,0.09868421052631579,high
132,170,0.003115264797507788,low
132,133,0.01486988847583643,high
132,4,0.0034129692832764505,low
132,5,0.02155887230514096,high
132,135,0.1746031746031746,high
132,162,0.005780346820809248,low
132,172,0.002898550724637681,low
132,156,0.02830188679245283,high
132,139,0.002793296089385475,low
132,17,0.012254901960784314,high
132,141,0.026470588235294117,high
132,143,0.013157894736842105,high
132,7,0.02401129943502825,high
132,116,0.003389830508474576,low
132,125,0.011494252873563218,high
132,155,0.003125,low
132,203,0.01834862385321101,high
132,136,0.2842465753424658,high
132,108,0.006600660066006601,low
132,182,0.0034482758620689655,low
132,126,0.0226628895184136,high
132,167,0.0032679738562091504,low
132,19,0.013605442176870748,high
132,44,0.015915119363395226,high
132,9,0.004651162790697674,low
132,154,0.0033222591362126247,low
132,71,0.006024096385542169,low
132,113,0.003367003367003367,low
132,11,0.006060606060606061,low
132,119,0.006172839506172839,low
132,111,0.003236245954692557,low
132,69,0.002583979328165375,low
132,130,0.022813688212927757,high
132,157,0.0025974025974025974,low
132,67,0.003278688524590164,low
132,114,0.0033444816053511705,low
132,38,0.004796163069544364,low
132,30,0.003115264797507788,low
132,72,0.005390835579514825,low
132,52,0.008547008547008548,low
132,153,0.008152173913043478,low
132,64,0.006535947712418301,low
132,91,0.005449591280653951,low
132,180,0.0036101083032490976,low
132,169,0.009316770186335404,low
132,29,0.0058997050147492625,low
132,151,0.005649717514124294,low
132,124,0.0035714285714285713,low
132,102,0.002688172043010753,low
132,58,0.0125,high
132,121,0.0035971223021582736,low
132,39,0.002551020408163265,low
132,163,0.007159904534606206,low
132,134,0.04377104377104377,high
132,166,0.0034129692832764505,low
132,128,0.10223642172523961,high
132,94,0.0032679738562091504,low
132,68,0.0030120481927710845,low
132,131,0.024475524475524476,high
78,77,0.03067484662576687,high
78,7,0.002044989775051125,low
78,79,0.014492753623188406,high
78,80,0.03225806451612903,high
78,74,0.0196078431372549,high
78,71,0.019157088122605363,high
78,72,0.0072992700729927005,low
78,76,0.038461538461538464,high
122,125,0.05319148936170213,high
122,203,0.03896103896103896,high
122,119,0.013888888888888888,high
122,121,0.04,high
149,45,0.01282051282051282,high
149,5,0.002457002457002457,low
149,162,0.007194244604316547,low
149,156,0.03167420814479638,high
149,139,0.006666666666666667,low
149,17,0.004901960784313725,low
149,143,0.010101010101010102,low
149,7,0.001937984496124031,low
149,155,0.046296296296296294,high
149,136,0.0018484288354898336,low
149,56,0.008849557522123894,low
149,49,0.01,low
149,154,0.11904761904761904,high
149,71,0.003424657534246575,low
149,144,0.012195121951219513,high
149,157,0.15584415584415584,high
149,150,0.09278350515463918,high
149,153,0.05844155844155844,high
149,148,0.08823529411764706,high
149,180,0.014492753623188406,high
149,151,0.04225352112676056,high
149,102,0.006097560975609756,low
149,163,0.009433962264150943,low
149,152,0.03225806451612903,high
129,137,0.028846153846153848,high
129,135,0.08333333333333333,high
129,123,0.08823529411764706,high
129,156,0.00966183574879227,low
129,125,0.008064516129032258,low
129,136,0.03155818540433925,high
129,126,0.007518796992481203,low
129,30,0.010638297872340425,high
129,128,0.017241379310344827,high
129,131,0.03125,high
77,107,0.005747126436781609,low
77,106,0.004739336492890996,low
77,5,0.008016032064128256,low
77,162,0.004273504273504274,low
77,172,0.004310344827586207,low
77,156,0.006230529595015576,low
77,17,0.0033444816053511705,low
77,35,0.006134969325153374,low
77,8,0.0051813471502590676,low
77,7,0.0049261083743842365,low
77,79,0.09090909090909091,high
77,73,0.03932584269662921,high
77,108,0.005235602094240838,low
77,93,0.005649717514124294,low
77,80,0.006535947712418301,low
77,167,0.0051813471502590676,low
77,19,0.006024096385542169,low
77,177,0.003003003003003003,low
77,92,0.006060606060606061,low
77,16,0.014084507042253521,high
77,44,0.0037174721189591076,low
77,74,0.011627906976744186,high
77,9,0.0031446540880503146,low
77,34,0.0057306590257879654,low
77,127,0.005649717514124294,low
77,71,0.051490514905149054,high
77,40,0.004545454545454545,low
77,115,0.0028653295128939827,low
77,21,0.010362694300518135,high
77,11,0.0045871559633027525,low
77,157,0.003676470588235294,low
77,38,0.003278688524590164,low
77,72,0.04417670682730924,high
77,54,0.011494252873563218,high
77,150,0.005,low
77,153,0.0078125,low
77,100,0.04945054945054945,high
77,12,0.008064516129032258,low
77,91,0.00392156862745098,low
77,169,0.004739336492890996,low
77,29,0.004405286343612335,low
77,102,0.003861003861003861,low
77,76,0.025252525252525252,high
77,163,0.00980392156862745,low
77,128,0.004329004329004329,low
77,94,0.0051813471502590676,low
77,32,0.004098360655737705,low
82,5,0.0076726342710997444,low
82,162,0.008,low
82,7,0.00199203187250996,low
82,125,0.007751937984496124,low
82,79,0.012195121951219513,high
82,81,0.12962962962962962,high
82,73,0.013333333333333334,high
82,86,0.05555555555555555,high
82,83,0.14814814814814814,high
82,49,0.011627906976744186,high
82,19,0.004464285714285714,low
82,16,0.009433962264150943,low
82,44,0.00625,low
82,74,0.015625,high
82,201,0.014492753623188406,high
82,34,0.008333333333333333,low
82,71,0.010869565217391304,high
82,90,0.15384615384615385,high
82,69,0.006060606060606061,low
82,84,0.043010752688172046,high
82,89,0.046511627906976744,high
82,72,0.013422818791946308,high
82,85,0.04878048780487805,high
82,12,0.014388489208633094,high
82,91,0.00684931506849315,low
82,58,0.009900990099009901,low
82,22,0.017543859649122806,high
82,94,0.011904761904761904,high
82,88,0.022727272727272728,high
45,43,0.08,high
45,36,0.0125,high
45,48,0.03389830508474576,high
45,156,0.0048543689320388345,low
45,47,0.05555555555555555,high
45,8,0.012987012987012988,high
45,65,0.015384615384615385,high
45,42,0.07272727272727272,high
45,126,0.007633587786259542,low
45,49,0.012658227848101266,high
45,167,0.012987012987012988,high
45,44,0.06944444444444445,high
45,9,0.0049504950495049506,low
45,41,0.09090909090909091,high
45,34,0.004273504273504274,low
45,71,0.0036900369003690036,low
45,38,0.005291005291005291,low
45,54,0.07142857142857142,high
45,52,0.02459016393442623,high
45,192,0.010526315789473684,high
45,58,0.010638297872340425,high
45,39,0.006134969325153374,low
45,195,0.008849557522123894,low
181,182,0.06060606060606061,high
181,184,0.2,high
95,97,0.04,high
95,99,0.05405405405405406,high
95,5,0.0027247956403269754,low
95,93,0.023809523809523808,high
95,201,0.023255813953488372,high
95,87,0.01639344262295082,high
95,72,0.008064516129032258,low
95,91,0.06140350877192982,high
95,102,0.008064516129032258,low
95,76,0.014925373134328358,high
43,170,0.008695652173913044,low
43,5,0.0024449877750611247,low
43,135,0.006134969325153374,low
43,36,0.009708737864077669,low
43,48,0.10526315789473684,high
43,47,0.1,high
43,7,0.007766990291262136,low
43,136,0.005545286506469501,low
43,182,0.011904761904761904,high
43,56,0.008695652173913044,low
43,10,0.012195121951219513,high
43,126,0.006493506493506494,low
43,49,0.11956521739130435,high
43,92,0.013888888888888888,high
43,44,0.059880239520958084,high
43,41,0.11016949152542373,high
43,34,0.015748031496062992,high
43,191,0.02247191011235955,high
43,189,0.010526315789473684,high
43,11,0.016129032258064516,high
43,54,0.07792207792207792,high
43,193,0.007575757575757576,low
43,153,0.006097560975609756,low
43,192,0.017094017094017096,high
43,142,0.006944444444444444,low
43,75,0.010638297872340425,high
43,58,0.017241379310344827,high
43,138,0.014084507042253521,high
137,133,0.05813953488372093,high
137,5,0.009302325581395349,low
137,135,0.016216216216216217,high
137,156,0.01195219123505976,high
137,139,0.011428571428571429,high
137,17,0.004347826086956522,low
137,141,0.012121212121212121,high
137,8,0.008064516129032258,low
137,7,0.0018450184501845018,low
137,125,0.005917159763313609,low
137,155,0.007246376811594203,low
137,136,0.09441233140655106,high
137,10,0.009433962264150943,low
137,83,0.009900990099009901,low
137,126,0.0056179775280898875,low
137,145,0.008849557522123894,low
137,9,0.004016064257028112,low
137,26,0.014388489208633094,high
137,189,0.008403361344537815,low
137,110,0.004784688995215311,low
137,144,0.03225806451612903,high
137,157,0.0049261083743842365,low
137,72,0.005263157894736842,low
137,6,0.007352941176470588,low
137,153,0.021621621621621623,high
137,148,0.010101010101010102,low
137,134,0.04065040650406504,high
137,128,0.06535947712418301,high
137,131,0.04716981132075472,high
97,107,0.022222222222222223,high
97,99,0.022727272727272728,high
97,17,0.0058823529411764705,low
97,8,0.015625,high
97,93,0.0425531914893617,high
97,92,0.027777777777777776,high
97,201,0.06382978723404255,high
97,115,0.004545454545454545,low
97,110,0.013513513513513514,high
97,11,0.011235955056179775,high
97,198,0.03333333333333333,high
97,91,0.040983606557377046,high
97,169,0.012195121951219513,high
97,102,0.007692307692307693,low
97,94,0.06557377049180328,high
97,98,0.10526315789473684,high
97,109,0.0196078431372549,high
107,99,0.03508771929824561,high
107,106,0.06593406593406594,high
107,5,0.002583979328165375,low
107,104,0.02631578947368421,high
107,105,0.012987012987012988,high
107,17,0.005434782608695652,low
107,7,0.0020161290322580645,low
107,103,0.05714285714285714,high
107,79,0.013157894736842105,high
107,136,0.0019193857965451055,low
107,108,0.02666666666666667,high
107,83,0.01818181818181818,high
107,92,0.02,high
107,201,0.015873015873015872,high
107,202,0.04081632653061224,high
107,27,0.008130081300813009,low
107,11,0.009708737864077669,low
107,144,0.006896551724137931,low
107,72,0.006944444444444444,low
107,153,0.007042253521126761,low
107,100,0.0410958904109589,high
107,91,0.021739130434782608,high
107,29,0.008928571428571428,low
107,102,0.058394160583941604,high
107,22,0.0196078431372549,high
107,25,0.016260162601626018,high
107,94,0.025974025974025976,high
99,106,0.010526315789473684,high
99,5,0.0025906735751295338,low
99,7,0.004048582995951417,low
99,93,0.03333333333333333,high
99,56,0.010869565217391304,high
99,92,0.08695652173913043,high
99,201,0.08620689655172414,high
99,202,0.02040816326530612,high
99,118,0.006535947712418301,low
99,110,0.006172839506172839,low
99,111,0.0125,high
99,193,0.009174311926605505,low
99,91,0.1111111111111111,high
99,102,0.006993006993006993,low
99,58,0.010638297872340425,high
99,94,0.08333333333333333,high
99,98,0.1,high
99,109,0.015625,high
170,106,0.015503875968992248,high
170,101,0.012048192771084338,high
170,5,0.0023752969121140144,low
170,36,0.008695652173913044,low
170,162,0.019867549668874173,high
170,172,0.1875,high
170,7,0.011428571428571429,high
170,136,0.0036101083032490976,low
170,31,0.013888888888888888,high
170,49,0.026785714285714284,high
170,177,0.00796812749003984,low
170,44,0.005319148936170213,low
170,201,0.010309278350515464,high
170,26,0.0078125,low
170,34,0.018867924528301886,high
170,40,0.007194244604316547,low
170,191,0.00980392156862745,low
170,21,0.008849557522123894,low
170,173,0.051094890510948905,high
170,27,0.006369426751592357,low
170,184,0.014925373134328358,high
170,174,0.017857142857142856,high
170,175,0.04,high
170,11,0.0072992700729927005,low
170,67,0.009009009009009009,low
170,38,0.008968609865470852,low
170,14,0.010752688172043012,high
170,30,0.007874015748031496,low
170,6,0.008064516129032258,low
170,193,0.013986013986013986,high
170,52,0.01910828025477707,high
170,192,0.015503875968992248,high
170,142,0.00641025641025641,low
170,176,0.015384615384615385,high
170,169,0.1592920353982301,high
170,29,0.00684931506849315,low
170,58,0.015625,high
170,13,0.012987012987012988,high
170,25,0.012738853503184714,high
170,76,0.008264462809917356,low
170,51,0.00980392156862745,low
170,163,0.004405286343612335,low
170,131,0.01020408163265306,low
106,101,0.06097560975609756,high
106,5,0.004728132387706856,low
106,104,0.0410958904109589,high
106,105,0.08490566037735849,high
106,48,0.01020408163265306,low
106,47,0.008849557522123894,low
106,7,0.00945179584120983,low
106,125,0.00625,low
106,203,0.0070921985815602835,low
106,136,0.007207207207207207,low
106,108,0.03636363636363636,high
106,93,0.010101010101010102,low
106,126,0.005917159763313609,low
106,19,0.00392156862745098,low
106,44,0.005235602094240838,low
106,9,0.016877637130801686,high
106,34,0.003676470588235294,low
106,127,0.010101010101010102,low
106,71,0.003236245954692557,low
106,40,0.007042253521126761,low
106,202,0.023255813953488372,high
106,115,0.0036900369003690036,low
106,27,0.00625,low
106,118,0.005235602094240838,low
106,110,0.025510204081632654,high
106,114,0.009259259259259259,low
106,30,0.015503875968992248,high
106,183,0.011494252873563218,high
106,72,0.0055248618784530384,low
106,52,0.006172839506172839,low
106,100,0.08653846153846154,high
106,142,0.006289308176100629,low
106,12,0.005847953216374269,low
106,91,0.005649717514124294,low
106,29,0.013513513513513514,high
106,102,0.12345679012345678,high
106,25,0.0125,high
106,109,0.04040404040404041,high
101,5,0.002652519893899204,low
101,105,0.07936507936507936,high
101,17,0.005747126436781609,low
101,7,0.004123711340206186,low
101,108,0.015151515151515152,high
101,86,0.01282051282051282,high
101,9,0.0051813471502590676,low
101,202,0.025,high
101,27,0.008849557522123894,low
101,90,0.023255813953488372,high
101,100,0.08196721311475409,high
101,102,0.10655737704918032,high
159,162,0.11650485436893204,high
159,164,0.10526315789473684,high
159,160,0.03125,high
159,161,0.07317073170731707,high
159,7,0.002036659877800407,low
159,167,0.15625,high
159,69,0.006493506493506494,low
159,14,0.018518518518518517,high
159,165,0.16666666666666666,high
159,163,0.021621621621621623,high
159,166,0.07017543859649122,high
133,135,0.007936507936507936,low
133,47,0.01639344262295082,high
133,125,0.018691588785046728,high
133,136,0.018072289156626505,high
133,145,0.019230769230769232,high
133,9,0.005319148936170213,low
133,53,0.038461538461538464,high
133,144,0.015503875968992248,high
133,128,0.02,high
50,65,0.02631578947368421,high
50,49,0.019230769230769232,high
50,69,0.007633587786259542,low
50,54,0.03125,high
4,5,0.03412073490813648,high
4,36,0.011494252873563218,high
4,105,0.012048192771084338,high
4,141,0.007936507936507936,low
4,200,0.016129032258064516,high
4,8,0.024096385542168676,high
4,7,0.014112903225806451,high
4,125,0.007751937984496124,low
4,155,0.01020408163265306,low
4,203,0.00909090909090909,low
4,10,0.015151515151515152,high
4,19,0.013513513513513514,high
4,44,0.00625,low
4,9,0.039603960396039604,high
4,41,0.008771929824561403,low
4,34,0.008333333333333333,low
4,27,0.007751937984496124,low
4,113,0.013333333333333334,high
4,11,0.03773584905660377,high
4,119,0.009708737864077669,low
4,38,0.00510204081632653,low
4,72,0.006666666666666667,low
4,196,0.014084507042253521,high
4,6,0.031914893617021274,high
4,153,0.006756756756756757,low
4,100,0.012345679012345678,high
4,192,0.00980392156862745,low
4,12,0.021739130434782608,high
4,29,0.00847457627118644,low
4,25,0.007692307692307693,low
4,76,0.010752688172043012,high
4,195,0.008333333333333333,low
4,128,0.00819672131147541,low
140,139,0.027522935779816515,high
140,141,0.030303030303030304,high
140,143,0.03389830508474576,high
140,136,0.00199203187250996,low
140,145,0.0425531914893617,high
140,144,0.016,high
140,142,0.07216494845360824,high
5,135,0.004273504273504274,low
5,36,0.004901960784313725,low
5,162,0.02517162471395881,high
5,105,0.0024691358024691358,low
5,172,0.006772009029345372,low
5,48,0.002570694087403599,low
5,156,0.007518796992481203,low
5,199,0.002717391304347826,low
5,139,0.013245033112582781,high
5,17,0.049079754601226995,high
5,200,0.007853403141361256,low
5,70,0.0026041666666666665,low
5,47,0.00997506234413965,low
5,8,0.027777777777777776,high
5,20,0.005449591280653951,low
5,161,0.0026595744680851063,low
5,7,0.13013698630136986,high
5,125,0.015730337078651686,high
5,65,0.0025380710659898475,low
5,79,0.0024752475247524753,low
5,155,0.00477326968973747,low
5,203,0.0023148148148148147,low
5,81,0.002617801047120419,low
5,73,0.0025188916876574307,low
5,136,0.029055690072639227,high
5,108,0.004962779156327543,low
5,158,0.002702702702702703,low
5,182,0.002564102564102564,low
5,86,0.002403846153846154,low
5,10,0.03183023872679045,high
5,83,0.005235602094240838,low
5,126,0.010964912280701754,high
5,49,0.0024509803921568627,low
5,179,0.0027624309392265192,low
5,80,0.00273224043715847,low
5,19,0.06420233463035019,high
5,92,0.0026455026455026454,low
5,186,0.0027247956403269754,low
5,16,0.014184397163120567,high
5,44,0.016842105263157894,high
5,74,0.005194805194805195,low
5,9,0.06613226452905811,high
5,41,0.004597701149425287,low
5,201,0.0025575447570332483,low
5,26,0.011961722488038277,high
5,34,0.021739130434782608,high
5,71,0.059964726631393295,high
5,60,0.0025,low
5,40,0.014018691588785047,high
5,202,0.0026455026455026454,low
5,59,0.0027472527472527475,low
5,115,0.007155635062611807,low
5,21,0.0049261083743842365,low
5,27,0.0319634703196347,high
5,113,0.005050505050505051,low
5,175,0.0026954177897574125,low
5,110,0.01652892561983471,high
5,23,0.007407407407407408,low
5,11,0.01647058823529412,high
5,119,0.011876484560570071,high
5,111,0.007371007371007371,low
5,144,0.00423728813559322,low
5,69,0.008264462809917356,low
5,157,0.02100840336134454,high
5,67,0.0024691358024691358,low
5,114,0.005025125628140704,low
5,38,0.021653543307086614,high
5,14,0.007792207792207792,low
5,30,0.004761904761904762,low
5,63,0.0024813895781637717,low
5,183,0.0026455026455026454,low
5,72,0.017204301075268817,high
5,196,0.002544529262086514,low
5,6,0.02444987775061125,high
5,150,0.002421307506053269,low
5,52,0.013392857142857142,high
5,153,0.00641025641025641,low
5,100,0.01,low
5,64,0.0049261083743842365,low
5,192,0.0071090047393364926,low
5,142,0.006696428571428571,low
5,198,0.008108108108108109,low
5,12,0.11031175059952038,high
5,91,0.01735357917570499,high
5,180,0.002652519893899204,low
5,169,0.011904761904761904,high
5,29,0.004555808656036446,low
5,151,0.006622516556291391,low
5,75,0.010075566750629723,low
5,102,0.01284796573875803,high
5,58,0.002364066193853428,low
5,13,0.019178082191780823,high
5,22,0.002638522427440633,low
5,39,0.016494845360824743,high
5,28,0.002680965147453083,low
5,25,0.013422818791946308,high
5,76,0.012165450121654502,high
5,117,0.007712082262210797,low
5,51,0.010178117048346057,low
5,163,0.013592233009708738,high
5,195,0.006818181818181818,low
5,166,0.002544529262086514,low
5,128,0.011363636363636364,high
5,68,0.004640371229698376,low
5,98,0.0026109660574412533,low
5,88,0.00273224043715847,low
5,32,0.00881057268722467,low
104,7,0.002105263157894737,low
104,108,0.01818181818181818,high
104,112,0.0625,high
104,126,0.009009009009009009,low
104,114,0.02,high
104,30,0.013888888888888888,high
104,102,0.024793388429752067,high
135,156,0.006944444444444444,low
135,47,0.006329113924050633,low
135,8,0.00625,low
135,7,0.0034662045060658577,low
135,125,0.004878048780487805,low
135,203,0.027472527472527472,high
135,136,0.1482889733840304,high
135,126,0.028708133971291867,high
135,34,0.0031545741324921135,low
135,71,0.002824858757062147,low
135,27,0.004878048780487805,low
135,119,0.01694915254237288,high
135,144,0.004405286343612335,low
135,130,0.00819672131147541,low
135,30,0.005714285714285714,low
135,153,0.008968609865470852,low
135,151,0.009615384615384616,low
135,121,0.007575757575757576,low
135,134,0.031446540880503145,high
135,128,0.06417112299465241,high
135,131,0.0425531914893617,high
190,194,0.08333333333333333,high
190,197,0.05263157894736842,high
190,71,0.004016064257028112,low
190,189,0.0625,high
190,196,0.04878048780487805,high
190,193,0.023255813953488372,high
190,195,0.045454545454545456,high
36,162,0.014285714285714285,high
36,156,0.008771929824561403,low
36,35,0.05970149253731343,high
36,7,0.007766990291262136,low
36,65,0.022988505747126436,high
36,16,0.00819672131147541,low
36,9,0.0044444444444444444,low
36,34,0.11206896551724138,high
36,40,0.06666666666666667,high
36,69,0.02247191011235955,high
36,38,0.03902439024390244,high
36,63,0.010309278350515464,high
36,66,0.011627906976744186,high
36,62,0.011111111111111112,high
36,52,0.006802721088435374,low
36,85,0.017241379310344827,high
36,64,0.009900990099009901,low
36,37,0.05172413793103448,high
36,151,0.006711409395973154,low
36,58,0.008547008547008548,low
36,39,0.03314917127071823,high
36,51,0.02247191011235955,high
36,163,0.004651162790697674,low
36,68,0.016,high
36,32,0.08571428571428572,high
162,172,0.017142857142857144,high
162,139,0.005263157894736842,low
162,17,0.016597510373443983,high
162,200,0.008620689655172414,low
162,164,0.07,high
162,47,0.007352941176470588,low
162,8,0.007246376811594203,low
162,160,0.031578947368421054,high
162,161,0.06862745098039216,high
162,7,0.012727272727272728,high
162,125,0.01098901098901099,high
162,155,0.013245033112582781,high
162,136,0.006920415224913495,low
162,158,0.05102040816326531,high
162,10,0.008333333333333333,low
162,167,0.16806722689075632,high
162,19,0.014545454545454545,high
162,16,0.00625,low
162,44,0.009389671361502348,low
162,9,0.0038022813688212928,low
162,26,0.006493506493506494,low
162,71,0.0030120481927710845,low
162,191,0.0078125,low
162,21,0.007194244604316547,low
162,67,0.0072992700729927005,low
162,114,0.007633587786259542,low
162,38,0.004,low
162,30,0.006535947712418301,low
162,66,0.008064516129032258,low
162,6,0.006666666666666667,low
162,153,0.020100502512562814,high
162,192,0.012903225806451613,high
162,142,0.005494505494505495,low
162,12,0.010362694300518135,high
162,91,0.010050251256281407,low
162,169,0.00641025641025641,low
162,165,0.07,high
162,29,0.005813953488372093,low
162,102,0.004901960784313725,low
162,13,0.009708737864077669,low
162,61,0.01,low
162,163,0.06276150627615062,high
162,195,0.005747126436781609,low
162,166,0.125,high
162,94,0.007246376811594203,low
162,88,0.01020408163265306,low
162,32,0.005291005291005291,low
123,125,0.010101010101010102,low
123,136,0.004032258064516129,low
123,126,0.009259259259259259,low
123,127,0.08333333333333333,high
123,121,0.038461538461538464,high
105,199,0.017241379310344827,high
105,17,0.0049504950495049506,low
105,8,0.021052631578947368,high
105,7,0.003898635477582846,low
105,103,0.018518518518518517,high
105,108,0.07954545454545454,high
105,126,0.006666666666666667,low
105,9,0.004524886877828055,low
105,154,0.01098901098901099,high
105,71,0.0034482758620689655,low
105,202,0.09523809523809523,high
105,115,0.00796812749003984,low
105,27,0.0070921985815602835,low
105,23,0.010309278350515464,high
105,119,0.008695652173913044,low
105,30,0.009009009009009009,low
105,72,0.01875,high
105,6,0.009259259259259259,low
105,100,0.09302325581395349,high
105,91,0.006329113924050633,low
105,29,0.007692307692307693,low
105,102,0.23484848484848486,high
105,117,0.025,high
105,128,0.007462686567164179,low
172,55,0.011111111111111112,high
172,48,0.008403361344537815,low
172,17,0.004132231404958678,low
172,7,0.022099447513812154,high
172,125,0.011111111111111112,high
172,79,0.015037593984962405,high
172,203,0.006172839506172839,low
172,136,0.006944444444444444,low
172,108,0.007462686567164179,low
172,56,0.006622516556291391,low
172,49,0.014598540145985401,high
172,19,0.0036231884057971015,low
172,177,0.010948905109489052,high
172,16,0.006329113924050633,low
172,44,0.0047169811320754715,low
172,9,0.0038314176245210726,low
172,34,0.010309278350515464,high
172,171,0.06666666666666667,high
172,71,0.0030303030303030303,low
172,191,0.016,high
172,173,0.037037037037037035,high
172,27,0.0055248618784530384,low
172,189,0.007633587786259542,low
172,174,0.031746031746031744,high
172,175,0.02,high
172,110,0.004524886877828055,low
172,11,0.0125,high
172,69,0.013953488372093023,high
172,67,0.007407407407407408,low
172,38,0.004032258064516129,low
172,30,0.006622516556291391,low
172,63,0.007518796992481203,low
172,196,0.01639344262295082,high
172,193,0.049689440993788817,high
172,62,0.016,high
172,52,0.01098901098901099,high
172,64,0.0072992700729927005,low
172,192,0.013071895424836602,high
172,176,0.011235955056179775,high
172,169,0.20155038759689922,high
172,75,0.007692307692307693,low
172,102,0.0049504950495049506,low
172,58,0.013157894736842105,high
172,39,0.00904977375565611,low
172,168,0.011111111111111112,high
172,76,0.006896551724137931,low
172,163,0.00398406374501992,low
172,195,0.02976190476190476,high
172,188,0.02702702702702703,high
55,17,0.006369426751592357,low
55,56,0.03076923076923077,high
55,111,0.018518518518518517,high
55,98,0.03571428571428571,high
48,47,0.01282051282051282,high
48,7,0.002008032128514056,low
48,116,0.014492753623188406,high
48,136,0.0019120458891013384,low
48,49,0.012195121951219513,high
48,179,0.027777777777777776,high
48,44,0.060810810810810814,high
48,9,0.004878048780487805,low
48,41,0.12121212121212122,high
48,34,0.01276595744680851,high
48,154,0.02702702702702703,high
48,11,0.009523809523809525,low
48,69,0.0125,high
48,38,0.010471204188481676,high
48,89,0.025,high
48,54,0.016129032258064516,high
48,150,0.011494252873563218,high
48,52,0.015873015873015872,high
48,148,0.01818181818181818,high
48,51,0.014285714285714285,high
48,195,0.008620689655172414,low
48,32,0.007633587786259542,low
156,139,0.010869565217391304,high
156,141,0.011278195488721804,high
156,143,0.008849557522123894,low
156,7,0.018957345971563982,high
156,125,0.0036900369003690036,low
156,24,0.00510204081632653,low
156,155,0.034334763948497854,high
156,136,0.06518282988871224,high
156,182,0.004761904761904762,low
156,10,0.004807692307692308,low
156,126,0.007168458781362007,low
156,44,0.0033112582781456954,low
156,145,0.014084507042253521,high
156,9,0.008595988538681949,low
156,34,0.007874015748031496,low
156,154,0.037383177570093455,high
156,40,0.007936507936507936,low
156,191,0.004629629629629629,low
156,202,0.005050505050505051,low
156,115,0.002617801047120419,low
156,27,0.0036900369003690036,low
156,11,0.008,low
156,144,0.020833333333333332,high
156,130,0.005319148936170213,low
156,157,0.14606741573033707,high
156,38,0.0029585798816568047,low
156,30,0.004149377593360996,low
156,6,0.004201680672268907,low
156,150,0.07834101382488479,high
156,193,0.003875968992248062,low
156,153,0.11068702290076336,high
156,192,0.004098360655737705,low
156,142,0.011194029850746268,high
156,12,0.0035460992907801418,low
156,148,0.025380710659898477,high
156,29,0.0038461538461538464,low
156,151,0.3080568720379147,high
156,39,0.003205128205128205,low
156,25,0.003676470588235294,low
156,117,0.004739336492890996,low
156,138,0.005076142131979695,low
156,163,0.011834319526627219,high
156,134,0.004366812227074236,low
156,152,0.03225806451612903,high
156,195,0.003816793893129771,low
156,128,0.0076045627376425855,low
156,109,0.004694835680751174,low
156,131,0.014285714285714285,high
199,200,0.05555555555555555,high
199,7,0.0020964360587002098,low
199,44,0.007407407407407408,low
199,26,0.013333333333333334,high
199,27,0.009615384615384616,low
199,23,0.016666666666666666,high
199,52,0.009433962264150943,low
199,29,0.06818181818181818,high
199,25,0.04950495049504951,high
139,147,0.07339449541284404,high
139,141,0.14285714285714285,high
139,143,0.04861111111111111,high
139,8,0.006711409395973154,low
139,7,0.005309734513274336,low
139,65,0.0072992700729927005,low
139,155,0.006134969325153374,low
139,81,0.008,low
139,136,0.015410958904109588,high
139,108,0.006802721088435374,low
139,56,0.006097560975609756,low
139,126,0.0049261083743842365,low
139,19,0.010452961672473868,high
139,16,0.005847953216374269,low
139,145,0.0859375,high
139,34,0.0032679738562091504,low
139,53,0.008928571428571428,low
139,154,0.013986013986013986,high
139,191,0.007194244604316547,low
139,59,0.009345794392523364,low
139,21,0.006666666666666667,low
139,27,0.005154639175257732,low
139,11,0.011560693641618497,high
139,111,0.006578947368421052,low
139,144,0.1793478260869565,high
139,157,0.04090909090909091,high
139,183,0.008264462809917356,low
139,72,0.004651162790697674,low
139,52,0.00510204081632653,low
139,153,0.004694835680751174,low
139,192,0.012048192771084338,high
139,142,0.15476190476190477,high
139,198,0.008695652173913044,low
139,12,0.004878048780487805,low
139,148,0.008064516129032258,low
139,151,0.005050505050505051,low
139,25,0.005128205128205128,low
139,76,0.006329113924050633,low
139,146,0.016666666666666666,high
139,138,0.025423728813559324,high
139,68,0.005714285714285714,low
147,141,0.01904761904761905,high
147,143,0.06451612903225806,high
147,145,0.14893617021276595,high
147,111,0.014925373134328358,high
147,144,0.007633587786259542,low
147,142,0.04807692307692308,high
17,141,0.012345679012345678,high
17,143,0.004901960784313725,low
17,47,0.004975124378109453,low
17,8,0.0049261083743842365,low
17,20,0.018404907975460124,high
17,7,0.04187604690117253,high
17,125,0.004032258064516129,low
17,155,0.004608294930875576,low
17,203,0.004366812227074236,low
17,81,0.011235955056179775,high
17,73,0.005154639175257732,low
17,136,0.0015479876160990713,low
17,108,0.01507537688442211,high
17,86,0.009433962264150943,low
17,10,0.01639344262295082,high
17,83,0.005555555555555556,low
17,126,0.011764705882352941,high
17,120,0.006172839506172839,low
17,19,0.14666666666666667,high
17,186,0.006097560975609756,low
17,16,0.056074766355140186,high
17,44,0.014492753623188406,high
17,74,0.01098901098901099,high
17,9,0.021739130434782608,high
17,34,0.005571030640668524,low
17,53,0.006024096385542169,low
17,154,0.005050505050505051,low
17,71,0.041884816753926704,high
17,60,0.005076142131979695,low
17,40,0.004347826086956522,low
17,191,0.0051813471502590676,low
17,21,0.04591836734693878,high
17,27,0.004032258064516129,low
17,119,0.0045045045045045045,low
17,144,0.003703703703703704,low
17,69,0.007067137809187279,low
17,18,0.047337278106508875,high
17,114,0.010256410256410256,high
17,38,0.0031746031746031746,low
17,14,0.022099447513812154,high
17,30,0.0045871559633027525,low
17,63,0.005,low
17,72,0.026615969581749048,high
17,66,0.010638297872340425,high
17,6,0.03349282296650718,high
17,52,0.004,low
17,153,0.015151515151515152,high
17,198,0.036585365853658534,high
17,12,0.011673151750972763,high
17,91,0.011406844106463879,high
17,180,0.005747126436781609,low
17,169,0.004524886877828055,low
17,29,0.00847457627118644,low
17,75,0.015384615384615385,high
17,102,0.0037174721189591076,low
17,58,0.0091324200913242,low
17,22,0.03508771929824561,high
17,25,0.012145748987854251,high
17,76,0.0047169811320754715,low
17,117,0.0106951871657754,high
17,51,0.0051813471502590676,low
17,15,0.05521472392638037,high
17,163,0.0031446540880503146,low
17,195,0.0041841004184100415,low
17,128,0.008333333333333333,low
17,68,0.013215859030837005,high
17,98,0.005555555555555556,low
17,88,0.006134969325153374,low
17,109,0.005263157894736842,low
17,32,0.003937007874015748,low
141,143,0.08461538461538462,high
141,7,0.0035971223021582736,low
141,155,0.019867549668874173,high
141,136,0.0034423407917383822,low
141,83,0.008620689655172414,low
141,19,0.010830324909747292,high
141,44,0.004651162790697674,low
141,145,0.06611570247933884,high
141,9,0.003787878787878788,low
141,34,0.0033783783783783786,low
141,154,0.007462686567164179,low
141,60,0.007518796992481203,low
141,57,0.008264462809917356,low
141,144,0.1896551724137931,high
141,157,0.013888888888888888,high
141,6,0.006622516556291391,low
141,150,0.00684931506849315,low
141,193,0.005847953216374269,low
141,153,0.0049261083743842365,low
141,142,0.12883435582822086,high
141,91,0.004975124378109453,low
141,169,0.006369426751592357,low
141,29,0.005780346820809248,low
141,151,0.005319148936170213,low
141,13,0.009615384615384616,low
141,117,0.008064516129032258,low
141,146,0.09803921568627451,high
141,138,0.04716981132075472,high
141,128,0.005649717514124294,low
200,20,0.02702702702702703,high
200,7,0.010224948875255624,low
200,116,0.015625,high
200,24,0.022222222222222223,high
200,126,0.007751937984496124,low
200,19,0.004651162790697674,low
200,201,0.016666666666666666,high
200,26,0.033707865168539325,high
200,115,0.004329004329004329,low
200,27,0.07079646017699115,high
200,23,0.013157894736842105,high
200,30,0.04597701149425287,high
200,192,0.010752688172043012,high
200,12,0.015384615384615385,high
200,91,0.0072992700729927005,low
200,29,0.03773584905660377,high
200,28,0.04878048780487805,high
200,25,0.05172413793103448,high
164,70,0.023255813953488372,high
164,160,0.041666666666666664,high
164,161,0.058823529411764705,high
164,7,0.002070393374741201,low
164,108,0.015873015873015872,high
164,158,0.034482758620689655,high
164,167,0.03125,high
164,16,0.011494252873563218,high
164,44,0.0070921985815602835,low
164,71,0.003861003861003861,low
164,110,0.006666666666666667,low
164,14,0.021739130434782608,high
164,196,0.019230769230769232,high
164,6,0.012987012987012988,high
164,192,0.012048192771084338,high
164,165,0.030303030303030304,high
164,163,0.005555555555555556,low
164,195,0.009900990099009901,low
164,166,0.019230769230769232,high
164,68,0.01098901098901099,high
70,35,0.022222222222222223,high
70,7,0.002028397565922921,low
70,65,0.015873015873015872,high
70,40,0.00980392156862745,low
70,110,0.00625,low
70,111,0.01282051282051282,high
70,69,0.039735099337748346,high
70,67,0.19047619047619047,high
70,63,0.013888888888888888,high
70,66,0.12727272727272726,high
70,62,0.1,high
70,64,0.04054054054054054,high
70,165,0.023255813953488372,high
70,124,0.02040816326530612,high
70,61,0.02702702702702703,high
70,51,0.015384615384615385,high
70,163,0.005263157894736842,low
70,68,0.009900990099009901,low
70,32,0.007936507936507936,low
143,7,0.005836575875486381,low
143,42,0.012658227848101266,high
143,155,0.008928571428571428,low
143,136,0.02071563088512241,high
143,56,0.008849557522123894,low
143,10,0.0125,high
143,19,0.004201680672268907,low
143,145,0.03529411764705882,high
143,9,0.004484304932735426,low
143,154,0.010752688172043012,high
143,11,0.008130081300813009,low
143,144,0.12162162162162163,high
143,157,0.005649717514124294,low
143,30,0.008849557522123894,low
143,54,0.0125,high
143,150,0.009523809523809525,low
143,153,0.012422360248447204,high
143,142,0.043795620437956206,high
143,29,0.007575757575757576,low
143,151,0.006802721088435374,low
143,75,0.010869565217391304,high
143,76,0.009345794392523364,low
143,146,0.014285714285714285,high
143,138,0.04477611940298507,high
143,134,0.009900990099009901,low
143,152,0.015873015873015872,high
143,128,0.007352941176470588,low
35,65,0.01818181818181818,high
35,56,0.012195121951219513,high
35,49,0.029411764705882353,high
35,177,0.004830917874396135,low
35,9,0.005208333333333333,low
35,34,0.01809954751131222,high
35,40,0.021505376344086023,high
35,69,0.02054794520547945,high
35,38,0.00558659217877095,low
35,54,0.02040816326530612,high
35,62,0.017543859649122806,high
35,153,0.007633587786259542,low
35,37,0.037037037037037035,high
35,169,0.011764705882352941,high
35,124,0.024390243902439025,high
35,39,0.013157894736842105,high
35,117,0.019230769230769232,high
35,51,0.05454545454545454,high
47,8,0.010526315789473684,high
47,7,0.001949317738791423,low
47,65,0.012048192771084338,high
47,42,0.0547945205479452,high
47,155,0.009174311926605505,low
47,136,0.0018587360594795538,low
47,182,0.012658227848101266,high
47,56,0.01834862385321101,high
47,49,0.053763440860215055,high
47,44,0.10967741935483871,high
47,41,0.08620689655172414,high
47,34,0.003968253968253968,low
47,127,0.012658227848101266,high
47,53,0.03508771929824561,high
47,71,0.0034602076124567475,low
47,59,0.018867924528301886,high
47,69,0.005681818181818182,low
47,63,0.010869565217391304,high
47,54,0.02631578947368421,high
47,66,0.012345679012345678,high
47,6,0.009345794392523364,low
47,193,0.007874015748031496,low
47,52,0.02142857142857143,high
47,153,0.006289308176100629,low
47,180,0.015151515151515152,high
47,151,0.006944444444444444,low
47,58,0.008928571428571428,low
47,25,0.0070921985815602835,low
8,20,0.01694915254237288,high
8,7,0.023809523809523808,high
8,116,0.011627906976744186,high
8,155,0.009009009009009009,low
8,203,0.008130081300813009,low
8,136,0.0037105751391465678,low
8,126,0.013333333333333334,high
8,19,0.01276595744680851,high
8,44,0.005780346820809248,low
8,9,0.022935779816513763,high
8,26,0.017857142857142856,high
8,34,0.003937007874015748,low
8,53,0.016666666666666666,high
8,154,0.010869565217391304,high
8,71,0.013888888888888888,high
8,40,0.008064516129032258,low
8,23,0.01020408163265306,low
8,11,0.01652892561983471,high
8,69,0.017045454545454544,high
8,157,0.011428571428571429,high
8,38,0.009615384615384616,low
8,6,0.0891089108910891,high
8,52,0.006944444444444444,low
8,153,0.006211180124223602,low
8,100,0.010638297872340425,high
8,142,0.0070921985815602835,low
8,198,0.015873015873015872,high
8,12,0.04054054054054054,high
8,102,0.006134969325153374,low
8,13,0.016129032258064516,high
8,25,0.014084507042253521,high
8,128,0.007407407407407408,low
20,19,0.02040816326530612,high
20,9,0.01092896174863388,high
20,71,0.003952569169960474,low
20,21,0.016666666666666666,high
20,30,0.013513513513513514,high
20,72,0.008,low
20,6,0.014084507042253521,high
20,22,0.06451612903225806,high
20,15,0.037037037037037035,high
20,128,0.010309278350515464,high
160,7,0.002109704641350211,low
160,167,0.09615384615384616,high
160,69,0.0072992700729927005,low
160,165,0.041666666666666664,high
160,163,0.005847953216374269,low
160,166,0.047619047619047616,high
161,167,0.014925373134328358,high
161,19,0.004830917874396135,low
161,173,0.01020408163265306,low
161,174,0.008,low
161,69,0.006756756756756757,low
161,157,0.00684931506849315,low
161,165,0.058823529411764705,high
161,163,0.057803468208092484,high
161,166,0.018518518518518517,high
7,125,0.02,high
7,65,0.00398406374501992,low
7,42,0.008113590263691683,low
7,79,0.005870841487279843,low
7,24,0.006211180124223602,low
7,155,0.009523809523809525,low
7,203,0.022641509433962263,high
7,81,0.002036659877800407,low
7,73,0.001976284584980237,low
7,136,0.04352557127312296,high
7,108,0.013806706114398421,high
7,86,0.0019047619047619048,low
7,93,0.002004008016032064,low
7,10,0.014256619144602852,high
7,126,0.01967799642218247,high
7,49,0.009746588693957114,low
7,167,0.001941747572815534,low
7,120,0.004228329809725159,low
7,19,0.061488673139158574,high
7,177,0.0015267175572519084,low
7,92,0.002053388090349076,low
7,186,0.0021008403361344537,low
7,16,0.03065134099616858,high
7,44,0.010238907849829351,low
7,74,0.00202020202020202,low
7,9,0.10899653979238755,high
7,41,0.011111111111111112,high
7,201,0.006024096385542169,low
7,26,0.011406844106463879,high
7,34,0.03538461538461538,high
7,71,0.06446776611694154,high
7,60,0.0019646365422396855,low
7,40,0.0074211502782931356,low
7,57,0.002012072434607646,low
7,191,0.003968253968253968,low
7,202,0.002053388090349076,low
7,115,0.010526315789473684,high
7,21,0.015717092337917484,high
7,27,0.029357798165137616,high
7,118,0.001692047377326565,low
7,113,0.0039603960396039604,low
7,189,0.003929273084479371,low
7,174,0.0017452006980802793,low
7,110,0.008389261744966443,low
7,23,0.007797270955165692,low
7,11,0.03838771593090211,high
7,119,0.00375234521575985,low
7,144,0.0034423407917383822,low
7,90,0.0020408163265306124,low
7,69,0.013582342954159592,high
7,130,0.0020964360587002098,low
7,157,0.00847457627118644,low
7,18,0.004106776180698152,low
7,67,0.0019455252918287938,low
7,114,0.00992063492063492,low
7,38,0.017828200972447326,high
7,14,0.00404040404040404,low
7,30,0.009505703422053232,low
7,63,0.003913894324853229,low
7,72,0.022847100175746926,high
7,196,0.00199203187250996,low
7,6,0.023255813953488372,high
7,150,0.0019157088122605363,low
7,193,0.0018281535648994515,low
7,52,0.016245487364620937,high
7,153,0.010452961672473868,high
7,85,0.0021141649048625794,low
7,64,0.003883495145631068,low
7,192,0.011363636363636364,high
7,142,0.012658227848101266,high
7,198,0.004166666666666667,low
7,12,0.043795620437956206,high
7,91,0.014035087719298246,high
7,148,0.0020408163265306124,low
7,180,0.00205761316872428,low
7,169,0.0037593984962406013,low
7,165,0.002070393374741201,low
7,29,0.022304832713754646,high
7,151,0.008928571428571428,low
7,75,0.007905138339920948,low
7,33,0.0020964360587002098,low
7,102,0.015706806282722512,high
7,58,0.003766478342749529,low
7,121,0.002053388090349076,low
7,13,0.008385744234800839,low
7,22,0.0020491803278688526,low
7,39,0.01517706576728499,high
7,25,0.0162748643761302,high
7,76,0.005747126436781609,low
7,117,0.004008016032064128,low
7,51,0.005964214711729622,low
7,138,0.00205761316872428,low
7,15,0.004149377593360996,low
7,163,0.011217948717948718,high
7,134,0.0038684719535783366,low
7,152,0.0041753653444676405,low
7,188,0.0020325203252032522,low
7,166,0.003992015968063872,low
7,128,0.0036231884057971015,low
7,94,0.0078125,low
7,68,0.007434944237918215,low
7,98,0.0020325203252032522,low
7,88,0.002105263157894737,low
7,131,0.004,low
7,32,0.007104795737122558,low
116,203,0.018018018018018018,high
116,136,0.001890359168241966,low
116,10,0.014705882352941176,high
116,112,0.022222222222222223,high
116,71,0.0035714285714285713,low
116,115,0.016736401673640166,high
116,118,0.05161290322580645,high
116,113,0.05405405405405406,high
116,110,0.08860759493670886,high
116,111,0.08433734939759036,high
116,69,0.005988023952095809,low
116,114,0.05263157894736842,high
116,89,0.021739130434782608,high
116,72,0.006578947368421052,low
116,52,0.007518796992481203,low
116,153,0.006666666666666667,low
116,12,0.007042253521126761,low
116,29,0.008333333333333333,low
116,124,0.016666666666666666,high
116,102,0.02,high
116,25,0.007575757575757576,low
116,117,0.07462686567164178,high
116,163,0.004975124378109453,low
116,195,0.00819672131147541,low
116,109,0.0136986301369863,high
125,155,0.012903225806451613,high
125,203,0.10457516339869281,high
125,136,0.029876977152899824,high
125,182,0.007936507936507936,low
125,126,0.11931818181818182,high
125,167,0.007042253521126761,low
125,19,0.0035460992907801418,low
125,92,0.008771929824561403,low
125,44,0.0045871559633027525,low
125,127,0.17592592592592593,high
125,71,0.002976190476190476,low
125,115,0.006734006734006734,low
125,87,0.006896551724137931,low
125,118,0.0045871559633027525,low
125,110,0.008849557522123894,low
125,119,0.21804511278195488,high
125,111,0.006896551724137931,low
125,144,0.004784688995215311,low
125,72,0.004807692307692308,low
125,153,0.0048543689320388345,low
125,142,0.010810810810810811,high
125,29,0.005681818181818182,low
125,124,0.07339449541284404,high
125,102,0.004807692307692308,low
125,121,0.05504587155963303,high
125,128,0.0111731843575419,high
125,94,0.007042253521126761,low
125,109,0.015625,high
103,11,0.0125,high
103,100,0.019230769230769232,high
103,102,0.03389830508474576,high
103,109,0.023809523809523808,high
65,42,0.015151515151515152,high
65,136,0.001893939393939394,low
65,49,0.023255813953488372,high
65,19,0.0044444444444444444,low
65,34,0.008298755186721992,low
65,40,0.018018018018018018,high
65,69,0.16783216783216784,high
65,67,0.036585365853658534,high
65,38,0.020618556701030927,high
65,63,0.07792207792207792,high
65,66,0.014084507042253521,high
65,62,0.05555555555555555,high
65,64,0.04819277108433735,high
65,39,0.005847953216374269,low
65,32,0.007352941176470588,low
42,155,0.010869565217391304,high
42,10,0.016666666666666666,high
42,49,0.05194805194805195,high
42,19,0.0045871559633027525,low
42,44,0.09154929577464789,high
42,9,0.0049261083743842365,low
42,41,0.13541666666666666,high
42,34,0.012875536480686695,high
42,67,0.012987012987012988,high
42,52,0.008,low
42,153,0.007042253521126761,low
42,68,0.009615384615384616,low
42,32,0.007751937984496124,low
79,73,0.20833333333333334,high
79,108,0.010752688172043012,high
79,19,0.008547008547008548,low
79,16,0.008547008547008548,low
79,9,0.004545454545454545,low
79,34,0.003968253968253968,low
79,71,0.04316546762589928,high
79,40,0.00819672131147541,low
79,21,0.010416666666666666,high
79,11,0.01680672268907563,high
79,84,0.009345794392523364,low
79,72,0.08,high
79,91,0.032679738562091505,high
79,75,0.058823529411764705,high
79,76,0.05,high
79,163,0.004761904761904762,low
79,88,0.01818181818181818,high
24,136,0.00196078431372549,low
24,19,0.004830917874396135,low
24,201,0.019230769230769232,high
24,71,0.0038314176245210726,low
24,40,0.010638297872340425,high
24,202,0.02564102564102564,high
24,27,0.03669724770642202,high
24,23,0.029850746268656716,high
24,69,0.006756756756756757,low
24,30,0.05063291139240506,high
24,6,0.012658227848101266,high
24,153,0.007633587786259542,low
24,12,0.008130081300813009,low
24,29,0.0625,high
24,25,0.02702702702702703,high
155,136,0.005434782608695652,low
155,93,0.010526315789473684,high
155,56,0.007936507936507936,low
155,83,0.011363636363636364,high
155,49,0.008849557522123894,low
155,19,0.00398406374501992,low
155,44,0.0053475935828877,low
155,145,0.01,low
155,9,0.00851063829787234,low
155,154,0.0594059405940594,high
155,71,0.006578947368421052,low
155,40,0.007246376811594203,low
155,110,0.00510204081632653,low
155,11,0.014814814814814815,high
155,119,0.007692307692307693,low
155,144,0.011299435028248588,high
155,157,0.04945054945054945,high
155,114,0.009615384615384616,low
155,38,0.004484304932735426,low
155,196,0.01020408163265306,low
155,6,0.008130081300813009,low
155,150,0.10185185185185185,high
155,52,0.006329113924050633,low
155,153,0.060240963855421686,high
155,142,0.012987012987012988,high
155,12,0.005988023952095809,low
155,91,0.005780346820809248,low
155,148,0.07407407407407407,high
155,169,0.007751937984496124,low
155,29,0.006896551724137931,low
155,151,0.03870967741935484,high
155,117,0.021052631578947368,high
155,146,0.024390243902439025,high
155,163,0.004424778761061947,low
155,152,0.013157894736842105,high
155,195,0.006802721088435374,low
155,128,0.006711409395973154,low
203,136,0.021621621621621623,high
203,10,0.009523809523809525,low
203,126,0.1125,high
203,120,0.012195121951219513,high
203,19,0.015384615384615385,high
203,44,0.005025125628140704,low
203,9,0.008097165991902834,low
203,127,0.038461538461538464,high
203,71,0.006329113924050633,low
203,27,0.005952380952380952,low
203,110,0.00966183574879227,low
203,11,0.013605442176870748,high
203,119,0.12598425196850394,high
203,69,0.004901960784313725,low
203,114,0.008620689655172414,low
203,38,0.00425531914893617,low
203,30,0.022058823529411766,high
203,52,0.0058823529411764705,low
203,153,0.0053475935828877,low
203,91,0.005405405405405406,low
203,180,0.010638297872340425,high
203,29,0.01935483870967742,high
203,124,0.07692307692307693,high
203,121,0.043478260869565216,high
203,39,0.004784688995215311,low
203,25,0.005917159763313609,low
203,117,0.009259259259259259,low
203,134,0.016,high
203,109,0.00909090909090909,low
81,86,0.07692307692307693,high
81,19,0.009433962264150943,low
81,87,0.02666666666666667,high
81,110,0.006329113924050633,low
81,144,0.007142857142857143,low
81,90,0.1951219512195122,high
81,69,0.006493506493506494,low
81,84,0.04878048780487805,high
81,89,0.0625,high
81,72,0.007194244604316547,low
81,54,0.01818181818181818,high
81,85,0.06666666666666667,high
81,12,0.007751937984496124,low
81,75,0.014925373134328358,high
81,88,0.0967741935483871,high
73,108,0.011627906976744186,high
73,93,0.013888888888888888,high
73,19,0.0043859649122807015,low
73,74,0.014705882352941176,high
73,34,0.004081632653061225,low
73,71,0.04814814814814815,high
73,84,0.01,low
73,72,0.05442176870748299,high
73,91,0.006666666666666667,low
73,29,0.00819672131147541,low
73,75,0.05063291139240506,high
73,22,0.01639344262295082,high
73,88,0.020833333333333332,high
136,108,0.0018587360594795538,low
136,182,0.0019083969465648854,low
136,93,0.0019083969465648854,low
136,126,0.024096385542168676,high
136,19,0.0014705882352941176,low
136,16,0.0017793594306049821,low
136,44,0.004885993485342019,low
136,145,0.0076045627376425855,low
136,9,0.006042296072507553,low
136,41,0.0017543859649122807,low
136,34,0.005763688760806916,low
136,127,0.0038240917782026767,low
136,71,0.00684931506849315,low
136,40,0.001763668430335097,low
136,191,0.003780718336483932,low
136,115,0.0028776978417266188,low
136,27,0.0017094017094017094,low
136,113,0.0037735849056603774,low
136,110,0.004815409309791332,low
136,11,0.0071174377224199285,low
136,119,0.007194244604316547,low
136,111,0.001841620626151013,low
136,144,0.02702702702702703,high
136,69,0.004846526655896607,low
136,130,0.012072434607645875,high
136,157,0.011419249592169658,high
136,114,0.00945179584120983,low
136,38,0.0015337423312883436,low
136,14,0.0019193857965451055,low
136,30,0.012750455373406194,high
136,72,0.006633499170812604,low
136,193,0.0017482517482517483,low
136,52,0.0034129692832764505,low
136,153,0.015100671140939598,high
136,64,0.003703703703703704,low
136,192,0.003590664272890485,low
136,142,0.024518388791593695,high
136,12,0.005050505050505051,low
136,91,0.0033277870216306157,low
136,180,0.0019569471624266144,low
136,169,0.0017921146953405018,low
136,29,0.01950354609929078,high
136,151,0.020761245674740483,high
136,124,0.003898635477582846,low
136,75,0.0018726591760299626,low
136,121,0.003913894324853229,low
136,25,0.0017064846416382253,low
136,117,0.0019047619047619048,low
136,138,0.005893909626719057,low
136,134,0.08366533864541832,high
136,128,0.0903954802259887,high
136,94,0.001851851851851852,low
136,131,0.054,high
136,32,0.001692047377326565,low
108,19,0.021645021645021644,high
108,186,0.017857142857142856,high
108,74,0.013333333333333334,high
108,9,0.004545454545454545,low
108,34,0.003968253968253968,low
108,71,0.013986013986013986,high
108,202,0.046153846153846156,high
108,115,0.00398406374501992,low
108,110,0.005555555555555556,low
108,144,0.006172839506172839,low
108,84,0.009345794392523364,low
108,72,0.0125,high
108,6,0.02857142857142857,high
108,52,0.036231884057971016,high
108,153,0.006289308176100629,low
108,100,0.0449438202247191,high
108,192,0.008849557522123894,low
108,12,0.006622516556291391,low
108,29,0.007751937984496124,low
108,102,0.08,high
108,121,0.014925373134328358,high
108,94,0.010526315789473684,high
108,32,0.013793103448275862,high
158,167,0.03333333333333333,high
158,9,0.005376344086021506,low
158,34,0.0045871559633027525,low
158,38,0.005780346820809248,low
158,6,0.0136986301369863,high
158,153,0.008,low
158,100,0.017241379310344827,high
158,165,0.034482758620689655,high
158,39,0.006802721088435374,low
158,61,0.043478260869565216,high
158,76,0.014285714285714285,high
158,163,0.017241379310344827,high
158,166,0.06521739130434782,high
158,68,0.011494252873563218,high
182,56,0.010416666666666666,high
182,145,0.014285714285714285,high
182,40,0.009259259259259259,low
182,115,0.004219409282700422,low
182,184,0.027777777777777776,high
182,175,0.021739130434782608,high
182,144,0.006756756756756757,low
182,157,0.012578616352201259,high
182,142,0.008,low
182,180,0.019230769230769232,high
182,102,0.0136986301369863,high
185,197,0.05555555555555555,high
185,191,0.022727272727272728,high
185,173,0.011764705882352941,high
185,113,0.022222222222222223,high
185,189,0.02040816326530612,high
185,183,0.038461538461538464,high
185,150,0.01639344262295082,high
185,188,0.06666666666666667,high
86,83,0.036585365853658534,high
86,19,0.004048582995951417,low
86,16,0.007751937984496124,low
86,71,0.0033222591362126247,low
86,87,0.5633802816901409,high
86,90,0.012195121951219513,high
86,84,0.5189873417721519,high
86,85,0.047619047619047616,high
86,12,0.006134969325153374,low
86,169,0.008,low
86,76,0.017391304347826087,high
93,92,0.14893617021276595,high
93,74,0.01639344262295082,high
93,9,0.019704433497536946,high
93,201,0.03076923076923077,high
93,21,0.012195121951219513,high
93,11,0.009433962264150943,low
93,64,0.012195121951219513,high
93,91,0.1076923076923077,high
93,29,0.008695652173913044,low
93,128,0.008403361344537815,low
93,94,0.10810810810810811,high
93,98,0.09259259259259259,high
56,187,0.015384615384615385,high
56,44,0.021621621621621623,high
56,74,0.010869565217391304,high
56,34,0.011235955056179775,high
56,53,0.013333333333333334,high
56,71,0.0032679738562091504,low
56,60,0.3375,high
56,57,0.3013698630136986,high
56,115,0.00749063670411985,low
56,27,0.01282051282051282,high
56,175,0.012987012987012988,high
56,110,0.005076142131979695,low
56,111,0.017543859649122806,high
56,144,0.00558659217877095,low
56,183,0.011904761904761904,high
56,54,0.06741573033707865,high
56,6,0.008064516129032258,low
56,52,0.06666666666666667,high
56,142,0.00641025641025641,low
56,12,0.005952380952380952,low
56,180,0.012048192771084338,high
56,102,0.0056179775280898875,low
56,58,0.08333333333333333,high
56,39,0.005050505050505051,low
56,51,0.04040404040404041,high
10,19,0.023255813953488372,high
10,74,0.01694915254237288,high
10,9,0.01485148514851485,high
10,41,0.009174311926605505,low
10,26,0.010526315789473684,high
10,71,0.007352941176470588,low
10,27,0.008064516129032258,low
10,189,0.013513513513513514,high
10,11,0.019417475728155338,high
10,69,0.00625,low
10,157,0.006329113924050633,low
10,38,0.005235602094240838,low
10,54,0.01639344262295082,high
10,6,0.033707865168539325,high
10,153,0.006993006993006993,low
10,12,0.014925373134328358,high
10,13,0.046511627906976744,high
10,25,0.016129032258064516,high
83,31,0.06060606060606061,high
83,92,0.021739130434782608,high
83,74,0.018518518518518517,high
83,26,0.011111111111111112,high
83,34,0.004329004329004329,low
83,71,0.0037313432835820895,low
83,87,0.02631578947368421,high
83,90,0.1111111111111111,high
83,69,0.0064516129032258064,low
83,84,0.03571428571428571,high
83,89,0.029411764705882353,high
83,72,0.014388489208633094,high
83,85,0.03125,high
83,12,0.007692307692307693,low
83,29,0.009259259259259259,low
83,22,0.02127659574468085,high
83,76,0.012048192771084338,high
83,166,0.01639344262295082,high
112,115,0.009478672985781991,low
112,113,0.043478260869565216,high
112,110,0.02158273381294964,high
112,111,0.01694915254237288,high
112,114,0.041666666666666664,high
112,72,0.00819672131147541,low
112,102,0.01652892561983471,high
112,109,0.023255813953488372,high
126,120,0.01834862385321101,high
126,19,0.003436426116838488,low
126,9,0.033582089552238806,high
126,34,0.003246753246753247,low
126,127,0.05426356589147287,high
126,71,0.002898550724637681,low
126,27,0.05913978494623656,high
126,113,0.014184397163120567,high
126,110,0.00423728813559322,low
126,119,0.16326530612244897,high
126,144,0.0045871559633027525,low
126,157,0.008733624454148471,low
126,18,0.008064516129032258,low
126,14,0.007575757575757576,low
126,30,0.030864197530864196,high
126,52,0.005050505050505051,low
126,153,0.004651162790697674,low
126,142,0.005128205128205128,low
126,12,0.009708737864077669,low
126,91,0.004694835680751174,low
126,29,0.010869565217391304,high
126,124,0.024390243902439025,high
126,102,0.009259259259259259,low
126,25,0.005076142131979695,low
126,146,0.01639344262295082,high
126,163,0.0037593984962406013,low
126,134,0.013071895424836602,high
126,131,0.0072992700729927005,low
31,34,0.018957345971563982,high
31,40,0.011904761904761904,high
31,69,0.007246376811594203,low
31,38,0.005917159763313609,low
31,12,0.008849557522123894,low
31,33,0.05263157894736842,high
31,39,0.006993006993006993,low
31,166,0.022727272727272728,high
31,32,0.018691588785046728,high
49,44,0.07317073170731707,high
49,9,0.008968609865470852,low
49,41,0.1016949152542373,high
49,34,0.01984126984126984,high
49,154,0.010638297872340425,high
49,46,0.03773584905660377,high
49,11,0.008064516129032258,low
49,69,0.0111731843575419,high
49,157,0.0056179775280898875,low
49,67,0.01020408163265306,low
49,38,0.014354066985645933,high
49,54,0.012345679012345678,high
49,193,0.007633587786259542,low
49,52,0.013793103448275862,high
49,153,0.006134969325153374,low
49,58,0.035398230088495575,high
49,39,0.010869565217391304,high
49,51,0.011235955056179775,high
49,163,0.004672897196261682,low
49,152,0.015625,high
49,68,0.008,low
49,32,0.006666666666666667,low
179,19,0.0051813471502590676,low
179,186,0.07142857142857142,high
179,44,0.007751937984496124,low
179,9,0.0056179775280898875,low
179,71,0.004048582995951417,low
179,183,0.04,high
179,195,0.011235955056179775,high
80,74,0.08571428571428572,high
80,71,0.016129032258064516,high
80,72,0.01639344262295082,high
80,100,0.018518518518518517,high
80,75,0.0196078431372549,high
80,76,0.06349206349206349,high
167,127,0.012345679012345678,high
167,192,0.008695652173913044,low
167,165,0.03125,high
167,163,0.054455445544554455,high
167,166,0.5178571428571429,high
187,115,0.0048543689320388345,low
187,38,0.006172839506172839,low
187,102,0.008620689655172414,low
120,127,0.07894736842105263,high
120,27,0.009900990099009901,low
120,119,0.05555555555555555,high
120,121,0.07407407407407407,high
19,92,0.004784688995215311,low
19,16,0.0743801652892562,high
19,44,0.016181229773462782,high
19,9,0.03418803418803419,high
19,41,0.003745318352059925,low
19,201,0.00904977375565611,low
19,26,0.007936507936507936,low
19,34,0.01282051282051282,high
19,71,0.06403940886699508,high
19,60,0.013100436681222707,high
19,191,0.004405286343612335,low
19,115,0.002544529262086514,low
19,21,0.043668122270742356,high
19,27,0.0035460992907801418,low
19,113,0.0043859649122807015,low
19,110,0.003105590062111801,low
19,23,0.008438818565400843,low
19,11,0.03543307086614173,high
19,119,0.00784313725490196,low
19,144,0.003289473684210526,low
19,69,0.006309148264984227,low
19,157,0.006349206349206349,low
19,18,0.01932367149758454,high
19,114,0.004347826086956522,low
19,38,0.014492753623188406,high
19,14,0.0330188679245283,high
19,72,0.016722408026755852,high
19,196,0.004464285714285714,low
19,6,0.02880658436213992,high
19,150,0.004098360655737705,low
19,193,0.0037174721189591076,low
19,52,0.0035211267605633804,low
19,153,0.016835016835016835,high
19,64,0.004201680672268907,low
19,198,0.030303030303030304,high
19,12,0.01730103806228374,high
19,91,0.02040816326530612,high
19,29,0.007407407407407408,low
19,75,0.004329004329004329,low
19,102,0.006622516556291391,low
19,22,0.024271844660194174,high
19,25,0.0070921985815602835,low
19,76,0.0040650406504065045,low
19,15,0.04040404040404041,high
19,163,0.002840909090909091,low
19,195,0.003663003663003663,low
19,166,0.004464285714285714,low
19,94,0.004219409282700422,low
19,68,0.007633587786259542,low
19,98,0.004672897196261682,low
19,88,0.005076142131979695,low
177,173,0.31862745098039214,high
177,174,0.48,high
177,175,0.009950248756218905,low
177,183,0.004784688995215311,low
177,72,0.0033003300330033004,low
177,193,0.0037174721189591076,low
177,176,0.005263157894736842,low
177,169,0.011857707509881422,high
177,168,0.005235602094240838,low
92,44,0.006896551724137931,low
92,201,0.03773584905660377,high
92,91,0.06451612903225806,high
92,94,0.1111111111111111,high
92,98,0.044444444444444446,high
186,71,0.00796812749003984,low
186,184,0.07692307692307693,high
186,84,0.014285714285714285,high
186,183,0.10714285714285714,high
186,91,0.008333333333333333,low
186,180,0.034482758620689655,high
186,22,0.03225806451612903,high
186,128,0.010416666666666666,high
186,32,0.018518518518518517,high
16,44,0.005128205128205128,low
16,9,0.004098360655737705,low
16,34,0.0036231884057971015,low
16,71,0.003194888178913738,low
16,40,0.00684931506849315,low
16,21,0.1308411214953271,high
16,23,0.008333333333333333,low
16,11,0.02112676056338028,high
16,90,0.010638297872340425,high
16,18,0.13414634146341464,high
16,38,0.008695652173913044,low
16,14,0.041237113402061855,high
16,183,0.01098901098901099,high
16,72,0.005405405405405406,low
16,142,0.006134969325153374,low
16,198,0.011764705882352941,high
16,37,0.012658227848101266,high
16,29,0.02666666666666667,high
16,75,0.05555555555555555,high
16,58,0.007352941176470588,low
16,13,0.011904761904761904,high
16,22,0.0449438202247191,high
16,25,0.006060606060606061,low
16,76,0.04878048780487805,high
16,138,0.011111111111111112,high
16,15,0.011494252873563218,high
16,32,0.011834319526627219,high
44,74,0.006535947712418301,low
44,9,0.017006802721088437,high
44,41,0.1791907514450867,high
44,34,0.034375,high
44,154,0.005952380952380952,low
44,71,0.013774104683195593,high
44,60,0.005988023952095809,low
44,191,0.006134969325153374,low
44,46,0.015748031496062992,high
44,118,0.004016064257028112,low
44,119,0.005208333333333333,low
44,111,0.011428571428571429,high
44,38,0.014184397163120567,high
44,14,0.019736842105263157,high
44,72,0.0041841004184100415,low
44,54,0.0064516129032258064,low
44,196,0.00625,low
44,150,0.005555555555555556,low
44,193,0.004878048780487805,low
44,52,0.023148148148148147,high
44,153,0.01276595744680851,high
44,64,0.011560693641618497,high
44,12,0.004366812227074236,low
44,91,0.012875536480686695,high
44,169,0.010526315789473684,high
44,151,0.0045045045045045045,low
44,124,0.006802721088435374,low
44,102,0.0041841004184100415,low
44,58,0.015957446808510637,high
44,39,0.007751937984496124,low
44,25,0.0045662100456621,low
44,163,0.003472222222222222,low
44,195,0.014492753623188406,high
44,128,0.004739336492890996,low
44,94,0.011627906976744186,high
44,68,0.005025125628140704,low
44,32,0.013513513513513514,high
145,26,0.00980392156862745,low
145,144,0.06206896551724138,high
145,157,0.018404907975460124,high
145,153,0.006666666666666667,low
145,142,0.14912280701754385,high
145,29,0.008333333333333333,low
145,146,0.017241379310344827,high
145,109,0.0136986301369863,high
74,71,0.06666666666666667,high
74,115,0.004291845493562232,low
74,173,0.009259259259259259,low
74,27,0.00819672131147541,low
74,84,0.011235955056179775,high
74,72,0.07462686567164178,high
74,91,0.007194244604316547,low
74,39,0.006134969325153374,low
74,76,0.04819277108433735,high
9,41,0.003968253968253968,low
9,26,0.01702127659574468,high
9,34,0.013333333333333334,high
9,154,0.004608294930875576,low
9,71,0.02962962962962963,high
9,40,0.004016064257028112,low
9,202,0.005154639175257732,low
9,59,0.005555555555555556,low
9,115,0.0026455026455026454,low
9,21,0.027522935779816515,high
9,27,0.03875968992248062,high
9,118,0.006734006734006734,low
9,113,0.009433962264150943,low
9,110,0.003257328990228013,low
9,23,0.009009009009009009,low
9,11,0.03333333333333333,high
9,119,0.004149377593360996,low
9,69,0.009966777408637873,low
9,114,0.004651162790697674,low
9,38,0.0182370820668693,high
9,14,0.009900990099009901,low
9,30,0.02586206896551724,high
9,72,0.006968641114982578,low
9,54,0.004901960784313725,low
9,6,0.03070175438596491,high
9,150,0.004366812227074236,low
9,52,0.011235955056179775,high
9,153,0.01773049645390071,high
9,100,0.0045662100456621,low
9,142,0.0037593984962406013,low
9,12,0.04887218045112782,high
9,91,0.007067137809187279,low
9,169,0.004166666666666667,low
9,165,0.005263157894736842,low
9,29,0.00784313725490196,low
9,151,0.0036900369003690036,low
9,124,0.00510204081632653,low
9,33,0.005434782608695652,low
9,102,0.017605633802816902,high
9,13,0.016216216216216217,high
9,22,0.005128205128205128,low
9,39,0.01644736842105263,high
9,25,0.011278195488721804,high
9,195,0.003875968992248062,low
9,109,0.014492753623188406,high
41,201,0.008928571428571428,low
41,34,0.04395604395604396,high
41,53,0.011111111111111112,high
41,46,0.024691358024691357,high
41,11,0.006578947368421052,low
41,69,0.004807692307692308,low
41,157,0.0048543689320388345,low
41,38,0.01694915254237288,high
41,54,0.03773584905660377,high
41,52,0.023391812865497075,high
41,153,0.005235602094240838,low
41,39,0.009433962264150943,low
41,25,0.005780346820809248,low
41,117,0.008928571428571428,low
41,51,0.008547008547008548,low
41,32,0.022857142857142857,high
201,71,0.014652014652014652,high
201,202,0.018518518518518517,high
201,69,0.006134969325153374,low
201,14,0.015873015873015872,high
201,84,0.010638297872340425,high
201,52,0.007751937984496124,low
201,12,0.007246376811594203,low
201,91,0.1328125,high
201,102,0.006756756756756757,low
201,61,0.022727272727272728,high
201,94,0.10666666666666667,high
201,98,0.034482758620689655,high
194,197,0.11764705882352941,high
194,191,0.0975609756097561,high
194,192,0.028169014084507043,high
194,180,0.04,high
194,195,0.02247191011235955,high
197,191,0.08333333333333333,high
197,173,0.010869565217391304,high
197,189,0.05555555555555555,high
197,196,0.08888888888888889,high
197,193,0.010752688172043012,high
197,192,0.05263157894736842,high
197,195,0.053763440860215055,high
26,34,0.007434944237918215,low
26,71,0.006535947712418301,low
26,40,0.007142857142857143,low
26,115,0.0037174721189591076,low
26,27,0.032467532467532464,high
26,23,0.06481481481481481,high
26,144,0.005555555555555556,low
26,157,0.010471204188481676,high
26,14,0.010638297872340425,high
26,30,0.0078125,low
26,6,0.008,low
26,12,0.036585365853658534,high
26,180,0.011904761904761904,high
26,29,0.06474820143884892,high
26,58,0.007692307692307693,low
26,39,0.005025125628140704,low
26,28,0.14084507042253522,high
26,25,0.25,high
34,53,0.004608294930875576,low
34,154,0.004016064257028112,low
34,71,0.002232142857142857,low
34,60,0.004032258064516129,low
34,40,0.08045977011494253,high
34,191,0.00823045267489712,low
34,115,0.004889975550122249,low
34,27,0.0033444816053511705,low
34,11,0.007194244604316547,low
34,69,0.037037037037037035,high
34,157,0.003003003003003003,low
34,67,0.003952569169960474,low
34,38,0.17252396166134185,high
34,30,0.0037174721189591076,low
34,63,0.00398406374501992,low
34,183,0.004424778761061947,low
34,72,0.003125,low
34,54,0.01282051282051282,high
34,66,0.004166666666666667,low
34,150,0.0038314176245210726,low
34,62,0.00823045267489712,low
34,52,0.013422818791946308,high
34,153,0.0031446540880503146,low
34,64,0.011857707509881422,high
34,192,0.003676470588235294,low
34,142,0.017006802721088437,high
34,12,0.006472491909385114,low
34,37,0.023809523809523808,high
34,29,0.003472222222222222,low
34,151,0.0033003300330033004,low
34,33,0.014018691588785047,high
34,58,0.030303030303030304,high
34,39,0.17586206896551723,high
34,61,0.004629629629629629,low
34,117,0.0041841004184100415,low
34,51,0.016597510373443983,high
34,163,0.016483516483516484,high
34,68,0.01444043321299639,high
34,32,0.10469314079422383,high
127,113,0.013888888888888888,high
127,119,0.14772727272727273,high
127,114,0.013513513513513514,high
127,124,0.05660377358490566,high
127,102,0.006802721088435374,low
127,121,0.038461538461538464,high
127,134,0.024096385542168676,high
127,128,0.008403361344537815,low
53,54,0.023809523809523808,high
53,52,0.08,high
53,58,0.0684931506849315,high
53,51,0.02,high
171,175,0.047619047619047616,high
171,169,0.10294117647058823,high
171,168,0.1,high
154,40,0.008403361344537815,low
154,144,0.02564102564102564,high
154,157,0.08860759493670886,high
154,150,0.07526881720430108,high
154,153,0.060810810810810814,high
154,148,0.030303030303030304,high
154,180,0.015873015873015872,high
154,151,0.028985507246376812,high
154,138,0.015873015873015872,high
154,152,0.05454545454545454,high
154,128,0.007692307692307693,low
154,131,0.01282051282051282,high
71,40,0.0031446540880503146,low
71,202,0.0038022813688212928,low
71,59,0.004016064257028112,low
71,115,0.009009009009009009,low
71,21,0.006872852233676976,low
71,173,0.003105590062111801,low
71,27,0.005970149253731343,low
71,175,0.00784313725490196,low
71,110,0.016172506738544475,high
71,23,0.003424657534246575,low
71,11,0.02258064516129032,high
71,111,0.006825938566552901,low
71,144,0.0056022408963585435,low
71,90,0.0037593984962406013,low
71,69,0.01358695652173913,high
71,157,0.005420054200542005,low
71,38,0.007481296758104738,low
71,14,0.007380073800738007,low
71,84,0.006622516556291391,low
71,30,0.0032679738562091504,low
71,72,0.1737704918032787,high
71,196,0.007220216606498195,low
71,6,0.013333333333333334,high
71,150,0.003355704697986577,low
71,52,0.018018018018018018,high
71,153,0.011363636363636364,high
71,192,0.003236245954692557,low
71,142,0.0029850746268656717,low
71,198,0.0038910505836575876,low
71,12,0.014577259475218658,high
71,91,0.02608695652173913,high
71,165,0.003861003861003861,low
71,29,0.009287925696594427,low
71,75,0.051470588235294115,high
71,102,0.019943019943019943,high
71,22,0.011450381679389313,high
71,39,0.0106951871657754,high
71,25,0.002967359050445104,low
71,76,0.08273381294964029,high
71,117,0.007272727272727273,low
71,138,0.003816793893129771,low
71,163,0.0175,high
71,188,0.0037313432835820895,low
71,94,0.003436426116838488,low
71,98,0.0037313432835820895,low
71,109,0.0035971223021582736,low
71,32,0.005865102639296188,low
60,40,0.00847457627118644,low
60,57,0.39622641509433965,high
60,69,0.005813953488372093,low
60,183,0.015873015873015872,high
60,54,0.027777777777777776,high
60,52,0.03731343283582089,high
60,153,0.0064516129032258064,low
60,148,0.015151515151515152,high
60,102,0.006369426751592357,low
60,58,0.06862745098039216,high
60,39,0.005649717514124294,low
60,51,0.0379746835443038,high
60,195,0.007874015748031496,low
60,32,0.007042253521126761,low
40,115,0.0035714285714285713,low
40,11,0.006711409395973154,low
40,119,0.006993006993006993,low
40,69,0.024875621890547265,high
40,157,0.0049261083743842365,low
40,67,0.008130081300813009,low
40,38,0.11267605633802817,high
40,6,0.007352941176470588,low
40,150,0.007633587786259542,low
40,62,0.008771929824561403,low
40,192,0.007042253521126761,low
40,12,0.005555555555555556,low
40,180,0.010526315789473684,high
40,33,0.011627906976744186,high
40,39,0.12234042553191489,high
40,51,0.008771929824561403,low
40,128,0.006172839506172839,low
40,68,0.006666666666666667,low
40,32,0.11392405063291139,high
57,52,0.049586776859504134,high
57,58,0.05434782608695652,high
57,51,0.029411764705882353,high
191,27,0.007575757575757576,low
191,189,0.024691358024691357,high
191,196,0.041666666666666664,high
191,193,0.061946902654867256,high
191,192,0.19101123595505617,high
191,180,0.017241379310344827,high
191,58,0.009615384615384616,low
191,138,0.017241379310344827,high
191,195,0.11711711711711711,high
191,32,0.007246376811594203,low
202,27,0.008771929824561403,low
202,11,0.010638297872340425,high
202,72,0.007407407407407408,low
202,29,0.009708737864077669,low
202,102,0.0967741935483871,high
202,58,0.011627906976744186,high
202,39,0.012987012987012988,high
202,117,0.018518518518518517,high
59,189,0.02,high
59,183,0.037037037037037035,high
59,72,0.008264462809917356,low
59,91,0.008547008547008548,low
59,168,0.1111111111111111,high
59,28,0.045454545454545456,high
59,51,0.022222222222222223,high
59,15,0.043478260869565216,high
59,188,0.03125,high
115,27,0.003355704697986577,low
115,118,0.375,high
115,113,0.038135593220338986,high
115,110,0.16494845360824742,high
115,23,0.003937007874015748,low
115,11,0.0035971223021582736,low
115,119,0.007380073800738007,low
115,111,0.028,high
115,114,0.02066115702479339,high
115,38,0.0027397260273972603,low
115,183,0.008928571428571428,low
115,52,0.0033333333333333335,low
115,153,0.006329113924050633,low
115,100,0.004,low
115,91,0.009584664536741214,low
115,124,0.004405286343612335,low
115,75,0.004048582995951417,low
115,102,0.00946372239747634,low
115,121,0.018018018018018018,high
115,25,0.0033444816053511705,low
115,117,0.021367521367521368,high
115,163,0.002717391304347826,low
115,134,0.00784313725490196,low
115,128,0.003436426116838488,low
115,94,0.003952569169960474,low
115,98,0.004347826086956522,low
115,109,0.029914529914529916,high
115,32,0.003289473684210526,low
21,11,0.01639344262295082,high
21,18,0.14285714285714285,high
21,14,0.08108108108108109,high
21,198,0.015625,high
21,151,0.006802721088435374,low
21,75,0.03333333333333333,high
21,33,0.016666666666666666,high
21,22,0.014084507042253521,high
21,76,0.04854368932038835,high
21,15,0.08064516129032258,high
173,174,0.5327868852459017,high
173,175,0.021739130434782608,high
173,183,0.01,low
173,169,0.05,high
173,195,0.006097560975609756,low
27,23,0.043478260869565216,high
27,11,0.012048192771084338,high
27,119,0.018867924528301886,high
27,157,0.004524886877828055,low
27,14,0.008130081300813009,low
27,30,0.264,high
27,72,0.004807692307692308,low
27,6,0.006493506493506494,low
27,150,0.006711409395973154,low
27,12,0.015306122448979591,high
27,180,0.008849557522123894,low
27,29,0.06626506024096386,high
27,102,0.004807692307692308,low
27,121,0.008771929824561403,low
27,28,0.018518518518518517,high
27,25,0.02717391304347826,high
27,128,0.005555555555555556,low
27,109,0.007751937984496124,low
87,119,0.008403361344537815,low
87,84,0.6376811594202898,high
87,76,0.009174311926605505,low
46,54,0.029411764705882353,high
46,58,0.014492753623188406,high
118,113,0.08552631578947369,high
118,110,0.2102803738317757,high
118,111,0.05357142857142857,high
118,114,0.050314465408805034,high
118,196,0.00625,low
118,91,0.012875536480686695,high
118,124,0.006802721088435374,low
118,117,0.025806451612903226,high
118,94,0.005780346820809248,low
118,109,0.00625,low
184,13,0.058823529411764705,high
184,32,0.009708737864077669,low
113,110,0.10126582278481013,high
113,111,0.06976744186046512,high
113,114,0.06493506493506493,high
113,150,0.010526315789473684,high
113,142,0.007575757575757576,low
113,91,0.006666666666666667,low
113,117,0.027777777777777776,high
113,109,0.07042253521126761,high
189,183,0.015625,high
189,196,0.06666666666666667,high
189,193,0.2755102040816326,high
189,153,0.00641025641025641,low
189,192,0.08823529411764706,high
189,195,0.16216216216216217,high
189,188,0.12903225806451613,high
174,14,0.007352941176470588,low
174,169,0.029585798816568046,high
175,38,0.005747126436781609,low
175,142,0.009433962264150943,low
175,169,0.05194805194805195,high
175,39,0.006756756756756757,low
110,11,0.004830917874396135,low
110,111,0.10059171597633136,high
110,114,0.12101910828025478,high
110,72,0.004032258064516129,low
110,54,0.006097560975609756,low
110,100,0.00558659217877095,low
110,198,0.006756756756756757,low
110,91,0.012396694214876033,high
110,102,0.004032258064516129,low
110,121,0.026490066225165563,high
110,117,0.09803921568627451,high
110,163,0.006756756756756757,low
110,134,0.005405405405405406,low
110,128,0.004545454545454545,low
110,94,0.011049723756906077,high
110,109,0.0967741935483871,high
110,131,0.005952380952380952,low
23,119,0.008547008547008548,low
23,30,0.02702702702702703,high
23,64,0.010101010101010102,low
23,12,0.026490066225165563,high
23,29,0.031007751937984496,high
23,151,0.006802721088435374,low
23,28,0.06451612903225806,high
23,25,0.07407407407407407,high
23,163,0.004694835680751174,low
11,119,0.0070921985815602835,low
11,111,0.008,low
11,144,0.016042780748663103,high
11,69,0.009900990099009901,low
11,114,0.008695652173913044,low
11,38,0.01293103448275862,high
11,30,0.014705882352941176,high
11,72,0.0106951871657754,high
11,6,0.030534351145038167,high
11,153,0.005376344086021506,low
11,100,0.008403361344537815,low
11,142,0.018292682926829267,high
11,12,0.017045454545454544,high
11,91,0.01092896174863388,high
11,37,0.012195121951219513,high
11,29,0.026143790849673203,high
11,75,0.008620689655172414,low
11,39,0.00966183574879227,low
11,61,0.011904761904761904,high
11,76,0.007633587786259542,low
11,163,0.004219409282700422,low
11,128,0.00625,low
11,94,0.00819672131147541,low
11,68,0.006756756756756757,low
119,14,0.010309278350515464,high
119,6,0.0078125,low
119,12,0.005813953488372093,low
119,29,0.006666666666666667,low
119,124,0.05813953488372093,high
119,121,0.047058823529411764,high
119,39,0.0049504950495049506,low
111,114,0.08045977011494253,high
111,91,0.012422360248447204,high
111,102,0.006024096385542169,low
111,58,0.008547008547008548,low
111,13,0.015384615384615385,high
111,117,0.011764705882352941,high
111,109,0.08641975308641975,high
144,157,0.029535864978902954,high
144,30,0.00558659217877095,low
144,150,0.011764705882352941,high
144,193,0.00510204081632653,low
144,52,0.009523809523809525,low
144,153,0.01327433628318584,high
144,142,0.10582010582010581,high
144,12,0.004545454545454545,low
144,91,0.004424778761061947,low
144,29,0.005050505050505051,low
144,151,0.004694835680751174,low
144,102,0.004347826086956522,low
144,58,0.0055248618784530384,low
144,61,0.007936507936507936,low
144,146,0.06201550387596899,high
144,138,0.07936507936507936,high
144,128,0.030456852791878174,high
144,94,0.006097560975609756,low
90,84,0.0759493670886076,high
90,89,0.06451612903225806,high
90,52,0.008403361344537815,low
90,75,0.015151515151515152,high
90,58,0.022727272727272728,high
90,88,0.03125,high
69,130,0.007142857142857143,low
69,67,0.11949685534591195,high
69,38,0.03558718861209965,high
69,14,0.006289308176100629,low
69,30,0.0051813471502590676,low
69,63,0.16556291390728478,high
69,66,0.0784313725490196,high
69,6,0.010582010582010581,high
69,62,0.11920529801324503,high
69,64,0.11801242236024845,high
69,192,0.00510204081632653,low
69,142,0.0045045045045045045,low
69,12,0.004273504273504274,low
69,169,0.00510204081632653,low
69,165,0.00684931506849315,low
69,33,0.014388489208633094,high
69,39,0.011450381679389313,high
69,61,0.029197080291970802,high
69,51,0.011976047904191617,high
69,163,0.01730103806228374,high
69,128,0.004629629629629629,low
69,68,0.025,high
69,32,0.026785714285714284,high
130,134,0.016129032258064516,high
130,128,0.010309278350515464,high
130,131,0.022222222222222223,high
157,72,0.008298755186721992,low
157,6,0.005319148936170213,low
157,150,0.08235294117647059,high
157,52,0.004484304932735426,low
157,153,0.13145539906103287,high
157,64,0.005649717514124294,low
157,192,0.005154639175257732,low
157,142,0.018433179723502304,high
157,12,0.004310344827586207,low
157,91,0.008438818565400843,low
157,148,0.034013605442176874,high
157,151,0.09178743961352658,high
157,102,0.004132231404958678,low
157,25,0.00904977375565611,low
157,138,0.006802721088435374,low
157,163,0.013888888888888888,high
157,152,0.04411764705882353,high
157,195,0.0047169811320754715,low
157,128,0.004672897196261682,low
18,6,0.012195121951219513,high
18,180,0.024390243902439025,high
18,151,0.008403361344537815,low
18,22,0.07317073170731707,high
18,15,0.08333333333333333,high
67,38,0.00966183574879227,low
67,63,0.08045977011494253,high
67,66,0.12162162162162163,high
67,62,0.11538461538461539,high
67,64,0.10112359550561797,high
67,51,0.011627906976744186,high
67,163,0.02912621359223301,high
67,195,0.007575757575757576,low
67,188,0.0136986301369863,high
67,68,0.03361344537815126,high
67,32,0.006802721088435374,low
114,30,0.009523809523809525,low
114,72,0.00641025641025641,low
114,91,0.006578947368421052,low
114,29,0.008064516129032258,low
114,102,0.00641025641025641,low
114,117,0.013333333333333334,high
114,109,0.04,high
38,183,0.0055248618784530384,low
38,72,0.0036363636363636364,low
38,66,0.005128205128205128,low
38,52,0.00784313725490196,low
38,12,0.0037735849056603774,low
38,180,0.0111731843575419,high
38,29,0.00411522633744856,low
38,75,0.0049261083743842365,low
38,33,0.029940119760479042,high
38,102,0.0072992700729927005,low
38,58,0.004424778761061947,low
38,39,0.28695652173913044,high
38,51,0.005025125628140704,low
38,15,0.005649717514124294,low
38,163,0.006191950464396285,low
38,68,0.00425531914893617,low
38,32,0.16517857142857142,high
14,72,0.006944444444444444,low
14,52,0.008,low
14,198,0.022727272727272728,high
14,169,0.010416666666666666,high
14,22,0.08333333333333333,high
84,89,0.029411764705882353,high
84,183,0.012345679012345678,high
84,72,0.005714285714285714,low
84,12,0.006060606060606061,low
84,91,0.005847953216374269,low
89,85,0.14285714285714285,high
89,91,0.008403361344537815,low
89,163,0.005813953488372093,low
89,94,0.017543859649122806,high
30,63,0.009174311926605505,low
30,6,0.008064516129032258,low
30,150,0.008403361344537815,low
30,180,0.012048192771084338,high
30,29,0.11363636363636363,high
30,102,0.0056179775280898875,low
30,61,0.013513513513513514,high
30,25,0.025806451612903226,high
30,134,0.008695652173913044,low
63,66,0.08,high
63,62,0.024096385542168676,high
63,64,0.12941176470588237,high
63,39,0.005555555555555556,low
63,61,0.017857142857142856,high
63,163,0.039603960396039604,high
63,68,0.025423728813559324,high
63,32,0.006896551724137931,low
183,52,0.008620689655172414,low
183,12,0.008,low
183,91,0.007633587786259542,low
183,180,0.05128205128205128,high
183,163,0.005434782608695652,low
183,195,0.009523809523809525,low
183,188,0.021739130434782608,high
183,94,0.014492753623188406,high
183,98,0.021739130434782608,high
72,193,0.005128205128205128,low
72,52,0.014423076923076924,high
72,198,0.007751937984496124,low
72,12,0.009174311926605505,low
72,91,0.013452914798206279,high
72,180,0.007462686567164179,low
72,165,0.007633587786259542,low
72,29,0.005076142131979695,low
72,75,0.046357615894039736,high
72,102,0.008771929824561403,low
72,58,0.005555555555555556,low
72,22,0.007352941176470588,low
72,39,0.004016064257028112,low
72,76,0.08125,high
72,15,0.007633587786259542,low
72,163,0.010869565217391304,high
72,152,0.0078125,low
72,128,0.01,low
54,52,0.06722689075630252,high
54,148,0.018518518518518517,high
54,58,0.05434782608695652,high
54,39,0.006060606060606061,low
54,51,0.09375,high
196,6,0.010416666666666666,high
196,193,0.14705882352941177,high
196,192,0.061855670103092786,high
196,169,0.019801980198019802,high
196,102,0.006666666666666667,low
196,61,0.021739130434782608,high
196,195,0.1308411214953271,high
196,188,0.06896551724137931,high
66,62,0.12121212121212122,high
66,64,0.0625,high
66,91,0.006896551724137931,low
66,180,0.018518518518518517,high
66,163,0.01015228426395939,low
66,68,0.06796116504854369,high
6,153,0.011627906976744186,high
6,100,0.009433962264150943,low
6,142,0.006535947712418301,low
6,12,0.012195121951219513,high
6,91,0.011764705882352941,high
6,180,0.0125,high
6,102,0.005714285714285714,low
6,121,0.012345679012345678,high
6,13,0.0273972602739726,high
6,39,0.005128205128205128,low
6,61,0.014084507042253521,high
6,25,0.0064516129032258064,low
6,117,0.021505376344086023,high
6,128,0.0136986301369863,high
150,153,0.08333333333333333,high
150,100,0.009900990099009901,low
150,148,0.03896103896103896,high
150,151,0.09219858156028368,high
150,152,0.014492753623188406,high
150,131,0.011111111111111112,high
150,32,0.0064516129032258064,low
193,52,0.005681818181818182,low
193,192,0.2032520325203252,high
193,169,0.0136986301369863,high
193,195,0.30708661417322836,high
193,188,0.13829787234042554,high
193,68,0.0064516129032258064,low
193,98,0.009433962264150943,low
62,64,0.17105263157894737,high
62,61,0.06382978723404255,high
62,128,0.008,low
62,68,0.017857142857142856,high
52,12,0.005,low
52,91,0.0048543689320388345,low
52,180,0.017543859649122806,high
52,29,0.0056179775280898875,low
52,102,0.009569377990430622,low
52,58,0.2,high
52,39,0.013157894736842105,high
52,61,0.009433962264150943,low
52,25,0.005263157894736842,low
52,51,0.125,high
52,163,0.003861003861003861,low
52,195,0.005555555555555556,low
52,68,0.011834319526627219,high
52,32,0.015544041450777202,high
178,153,0.008771929824561403,low
178,198,0.0625,high
153,100,0.006329113924050633,low
153,64,0.012422360248447204,high
153,192,0.011235955056179775,high
153,142,0.004878048780487805,low
153,198,0.007874015748031496,low
153,12,0.009259259259259259,low
153,148,0.05384615384615385,high
153,165,0.007751937984496124,low
153,151,0.055,high
153,102,0.008849557522123894,low
153,58,0.0056179775280898875,low
153,25,0.004830917874396135,low
153,117,0.00684931506849315,low
153,146,0.007518796992481203,low
153,138,0.007575757575757576,low
153,195,0.005076142131979695,low
153,128,0.005025125628140704,low
85,163,0.0058823529411764705,low
100,29,0.0078125,low
100,102,0.15,high
100,25,0.007142857142857143,low
64,37,0.017241379310344827,high
64,163,0.004694835680751174,low
64,68,0.041666666666666664,high
64,32,0.013513513513513514,high
192,12,0.005847953216374269,low
192,169,0.015151515151515152,high
192,51,0.009523809523809525,low
192,163,0.004347826086956522,low
192,195,0.14285714285714285,high
142,12,0.005076142131979695,low
142,29,0.011494252873563218,high
142,124,0.008695652173913044,low
142,146,0.06542056074766354,high
142,138,0.018018018018018018,high
142,163,0.00390625,low
142,134,0.013986013986013986,high
142,128,0.00558659217877095,low
142,68,0.005988023952095809,low
198,22,0.05714285714285714,high
12,91,0.009345794392523364,low
12,29,0.0053475935828877,low
12,102,0.013824884792626729,high
12,39,0.0041841004184100415,low
12,61,0.008695652173913044,low
12,28,0.008333333333333333,low
12,25,0.0582010582010582,high
12,117,0.014598540145985401,high
12,163,0.0037313432835820895,low
12,134,0.012903225806451613,high
12,128,0.010526315789473684,high
12,94,0.006535947712418301,low
12,98,0.007692307692307693,low
176,169,0.014705882352941176,high
91,169,0.011363636363636364,high
91,75,0.006535947712418301,low
91,102,0.041474654377880185,high
91,58,0.005681818181818182,low
91,25,0.004878048780487805,low
91,128,0.005076142131979695,low
91,94,0.21212121212121213,high
91,98,0.11382113821138211,high
148,151,0.05172413793103448,high
148,76,0.012345679012345678,high
148,152,0.02702702702702703,high
37,39,0.02127659574468085,high
37,68,0.012048192771084338,high
37,32,0.018691588785046728,high
180,124,0.023809523809523808,high
180,28,0.02857142857142857,high
180,128,0.009433962264150943,low
169,58,0.007575757575757576,low
169,39,0.01,low
169,168,0.014492753623188406,high
169,163,0.004347826086956522,low
169,195,0.034013605442176874,high
165,163,0.016853932584269662,high
165,68,0.01098901098901099,high
165,109,0.019230769230769232,high
29,39,0.004608294930875576,low
29,61,0.010752688172043012,high
29,25,0.1337579617834395,high
29,76,0.007142857142857143,low
29,128,0.005917159763313609,low
29,94,0.007633587786259542,low
151,13,0.009009009009009009,low
151,163,0.007692307692307693,low
151,134,0.013513513513513514,high
151,152,0.027522935779816515,high
151,128,0.005434782608695652,low
124,121,0.07317073170731707,high
124,134,0.013513513513513514,high
124,128,0.009174311926605505,low
124,109,0.017241379310344827,high
75,22,0.015625,high
75,76,0.18823529411764706,high
33,39,0.02097902097902098,high
33,32,0.037383177570093455,high
102,39,0.004016064257028112,low
102,25,0.009615384615384616,low
102,117,0.02054794520547945,high
102,163,0.0035971223021582736,low
102,128,0.004975124378109453,low
102,94,0.012345679012345678,high
102,109,0.013422818791946308,high
58,39,0.010050251256281407,low
58,51,0.10526315789473684,high
58,109,0.009900990099009901,low
121,131,0.01818181818181818,high
22,25,0.008620689655172414,low
22,76,0.012658227848101266,high
22,15,0.02631578947368421,high
39,25,0.004366812227074236,low
39,51,0.005780346820809248,low
39,163,0.010135135135135136,low
39,68,0.009615384615384616,low
39,32,0.1407766990291262,high
168,51,0.024390243902439025,high
28,25,0.07766990291262135,high
25,131,0.007751937984496124,low
117,163,0.005076142131979695,low
117,134,0.011764705882352941,high
117,109,0.029411764705882353,high
51,68,0.008849557522123894,low
51,32,0.007246376811594203,low
146,138,0.10810810810810811,high
138,131,0.018518518518518517,high
15,32,0.008620689655172414,low
163,166,0.04712041884816754,high
163,68,0.008438818565400843,low
163,32,0.0038022813688212928,low
134,128,0.03731343283582089,high
134,131,0.04819277108433735,high
195,188,0.1326530612244898,high
128,131,0.016666666666666666,high
94,68,0.008130081300813009,low
94,98,0.08695652173913043,high
